"47 The American Sign Language and English Secondary School","223 EAST 23 STREET MANHATTAN, NY 10010",Latitude,Longitude,"Accuracy Score","Accuracy Type",Number,Street,City,State,County,Zip,Country,Source
"ACORN Community High School","561 GRAND AVENUE BROOKLYN, NY 11238",40.678651,-73.961911,1,rooftop,561,"Grand Ave",Brooklyn,NY,"Kings County",11238,US,"City of New York"
"Andries Hudde","2500 NOSTRAND AVENUE BROOKLYN, NY 11210",40.623753,-73.946487,1,rooftop,2500,"Nostrand Ave",Brooklyn,NY,"Kings County",11210,US,"City of New York"
"Aspirations Diploma Plus High School","402 EASTERN PARKWAY BROOKLYN, NY 11225",40.669717,-73.955112,1,rooftop,402,"Eastern Pkwy",Brooklyn,NY,"Kings County",11225,US,"City of New York"
"Automotive High School","50 BEDFORD AVENUE BROOKLYN, NY 11222",40.722244,-73.953291,1,rooftop,50,"Bedford Ave",Brooklyn,NY,"Kings County",11222,US,"City of New York"
"Aviation Career & Technical Education High School","45-30 36 STREET QUEENS, NY 11101",40.743581,-73.929218,1,rooftop,45-30,"36th St","Long Island City",NY,"Queens County",11101,US,"City of New York"
"BATTERY PARK CITY SCHOOL","55 BATTERY PLACE MANHATTAN, NY 10280",40.706368,-74.017653,1,rooftop,55,"Battery Pl","New York",NY,"New York County",10280,US,"City of New York"
"Bayside High School","32-24 CORPORAL KENNEDY STREET QUEENS, NY 11361",40.771495,-73.780689,1,rooftop,32-24,"Corporal Kennedy St",Bayside,NY,"Queens County",11361,US,"City of New York"
"Benjamin N. Cardozo High School","57-00 223RD STREET BAYSIDE, NY 11364",40.751844,-73.755909,1,rooftop,57-,"223rd St","Oakland Gardens",NY,"Queens County",11364,US,"City of New York"
"Brighter Choice Community School","280 HART STREET BROOKLYN, NY 11206",40.693964,-73.940769,1,rooftop,280,"Hart St",Brooklyn,NY,"Kings County",11206,US,"City of New York"
"Bronx Alliance Middle School","3750 BAYCHESTER AVENUE BRONX, NY 10466",40.886044,-73.840577,1,rooftop,3750,"Baychester Ave",Bronx,NY,"Bronx County",10466,US,"City of New York"
"Bronx Arena High School","1440 STORY AVENUE BRONX, NY 10473",40.821113,-73.880582,1,rooftop,1440,"Story Ave",Bronx,NY,"Bronx County",10473,US,"City of New York"
"Bronx High School for the Visual Arts","2040 ANTIN PL BRONX, NY 10462",40.851544,-73.864696,1,rooftop,2040,"Antin Pl",Bronx,NY,"Bronx County",10462,US,"City of New York"
"Bronx Leadership Academy High School","1710 WEBSTER AVENUE BRONX, NY 10457",40.843403,-73.903135,1,rooftop,1710,"Webster Ave",Bronx,NY,"Bronx County",10457,US,"City of New York"
"Bronx Regional High School","1010 REV. J. A. POLITE AVENUE BRONX, NY 10459",40.825629,-73.893605,0.33,place,,,Bronx,NY,"Bronx County",10459,US,"TIGER/Line® dataset from the US Census Bureau"
"Bronx Studio School for Writers and Artists","928 SIMPSON STREET BRONX, NY 10459",40.820451,-73.893111,1,rooftop,928,"Simpson St",Bronx,NY,"Bronx County",10459,US,"City of New York"
"Brooklyn Arbor Elementary School","325 SOUTH 3 STREET BROOKLYN, NY 11211",40.709787,-73.954718,1,rooftop,325,"S 3rd St",Brooklyn,NY,"Kings County",11211,US,"City of New York"
"Brooklyn College Academy - Bridge to Brooklyn","350 CONEY ISLAND AVENUE BROOKLYN, NY 11218",40.64918,-73.971859,1,rooftop,350,"Coney Island Ave",Brooklyn,NY,"Kings County",11218,US,"City of New York"
"Brooklyn Landmark Elementary School","251 MAC DOUGAL STREET BROOKLYN, NY 11233",40.680456,-73.910372,1,rooftop,251,"Mac Dougal St",Brooklyn,NY,"Kings County",11233,US,"City of New York"
"Central Park East High School","1573 MADISON AVENUE MANHATTAN, NY 10029",40.793907,-73.949097,1,rooftop,1573,"Madison Ave","New York",NY,"New York County",10029,US,"City of New York"
"Cobble Hill School of American Studies","347 BALTIC STREET BROOKLYN, NY 11201",40.684568,-73.99086,1,rooftop,347,"Baltic St",Brooklyn,NY,"Kings County",11201,US,"City of New York"
"College Point Collaborative","12406 14TH AVENUE QUEENS, NY 11356",40.785234,-73.843373,1,rooftop,124-6,"14th Ave","College Point",NY,"Queens County",11356,US,"City of New York"
"Collegiate Institute for Math and Science","925 ASTOR AVENUE BRONX, NY 10469",40.8599,-73.860322,1,rooftop,925,"Astor Ave",Bronx,NY,"Bronx County",10469,US,"City of New York"
"Community Health Academy of the Heights","504 WEST 158TH STREET MANHATTAN, NY 10032",40.833606,-73.942262,1,rooftop,504,"W 158th St","New York",NY,"New York County",10032,US,"City of New York"
"Community Voices Middle School","145-00 SPRINGFIELD BOULEVARD QUEENS, NY 11413",40.66463,-73.759125,1,rooftop,145-,"Springfield Blvd","Springfield Gardens",NY,"Queens County",11413,US,"City of New York"
"Crotona International High School","2474 CROTONA AVENUE BRONX, NY 10458",40.855298,-73.882703,1,rooftop,2474,"Crotona Ave",Bronx,NY,"Bronx County",10458,US,"City of New York"
"Curtis High School","105 HAMILTON AVENUE STATEN ISLAND, NY 10301",40.646002,-74.082823,1,rooftop,105,"Hamilton Ave","Staten Island",NY,"Richmond County",10301,US,"City of New York"
"EAST NEW YORK ELEMENTARY SCHOOL OF EXCELLENCE","605 SHEPHERD AVENUE BROOKLYN, NY 11208",40.669482,-73.879457,1,rooftop,605,"Shepherd Ave",Brooklyn,NY,"Kings County",11208,US,"City of New York"
"Eagle Academy for Young Men","4143 THIRD AVENUE BRONX, NY 10457",40.845256,-73.897071,1,rooftop,4143,"3rd Ave",Bronx,NY,"Bronx County",10457,US,"City of New York"
"East Flatbush Community Research School","905 WINTHROP STREET BROOKLYN, NY 11203",40.658644,-73.928571,1,rooftop,905,"Winthrop St",Brooklyn,NY,"Kings County",11203,US,"City of New York"
"Elementary School for Math, Science, and Technology","125 EAST 181 STREET BRONX, NY 10453",40.855024,-73.90336,1,rooftop,125,"E 181st St",Bronx,NY,"Bronx County",10453,US,"City of New York"
"Evergreen M.S. for Urban Exploration","125 COVERT STREET BROOKLYN, NY 11207",40.688805,-73.910047,1,rooftop,125,"Covert St",Brooklyn,NY,"Kings County",11207,US,"City of New York"
"Eximius College Preparatory Academy: A College Board School","1363 FULTON AVENUE BRONX, NY 10456",40.833861,-73.902511,1,rooftop,1363,"Fulton Ave",Bronx,NY,"Bronx County",10456,US,"City of New York"
"Expeditionary Learning School for Community Leaders","2630 BENSON AVENUE BROOKLYN, NY 11214",40.593992,-73.985748,1,rooftop,2630,"Benson Ave",Brooklyn,NY,"Kings County",11214,US,"City of New York"
"Fairmont Neighborhood School","1550 VYSE AVENUE BRONX, NY 10460",40.834283,-73.88725,1,rooftop,1550,"Vyse Ave",Bronx,NY,"Bronx County",10460,US,"City of New York"
"Fannie Lou Hamer Freedom High School","1021 JENNINGS STREET BRONX, NY 10460",40.83093,-73.886116,1,rooftop,1021,"Jennings St",Bronx,NY,"Bronx County",10460,US,"City of New York"
"Fort Hamilton High School","8301 SHORE ROAD BROOKLYN, NY 11209",40.627236,-74.039738,1,rooftop,8301,"Shore Rd",Brooklyn,NY,"Kings County",11209,US,"City of New York"
"Franklin Delano Roosevelt High School","5800 20 AVENUE BROOKLYN, NY 11204",40.591132,-73.983367,0.8,rooftop,20,"Ave W",Brooklyn,NY,"Kings County",11223,US,"City of New York"
"Frederick Douglass Academy","2581 7TH AVENUE MANHATTAN, NY 10039",40.823921,-73.937305,1,range_interpolation,2581,"7th Ave","New York",NY,"New York County",10039,US,"TIGER/Line® dataset from the US Census Bureau"
"GRANT AVENUE ELEMENTARY SCHOOL","250 EAST 164 STREET BRONX, NY 10456",40.828333,-73.917277,1,rooftop,250,"E 164th St",Bronx,NY,"Bronx County",10456,US,"City of New York"
"Goldie Maple Academy","3-65 BEACH 56 STREET QUEENS, NY 11692",40.592532,-73.785879,0.7,range_interpolation,3,"Beach 56th St",Arverne,NY,"Queens County",11692,US,"TIGER/Line® dataset from the US Census Bureau"
"Gregory Jocko Jackson School of Sports, Art and Technology (The)","213 OSBORN STREET BROOKLYN, NY 11212",40.667022,-73.907987,1,rooftop,213,"Osborn St",Brooklyn,NY,"Kings County",11212,US,"City of New York"
"Harlem Renaissance High School","22 EAST 128 STREET MANHATTAN, NY 10035",40.807816,-73.939912,1,rooftop,22,"E 128th St","New York",NY,"New York County",10035,US,"City of New York"
"Harry S Truman High School","750 BAYCHESTER AVENUE BRONX, NY 10475",40.874114,-73.833119,1,rooftop,750,"Baychester Ave",Bronx,NY,"Bronx County",10475,US,"City of New York"
"High School for Environmental Studies","444 WEST 56 STREET MANHATTAN, NY 10019",40.767928,-73.988097,1,rooftop,444,"W 56th St","New York",NY,"New York County",10019,US,"City of New York"
"High School for Law, Advocacy and Community Justice","122 AMSTERDAM AVENUE MANHATTAN, NY 10023",40.774469,-73.984959,1,rooftop,122,"Amsterdam Ave","New York",NY,"New York County",10023,US,"City of New York"
"High School for Public Service: Heroes of Tomorrow","600 KINGSTON AVENUE BROOKLYN, NY 11203",40.658815,-73.942978,1,rooftop,600,"Kingston Ave",Brooklyn,NY,"Kings County",11203,US,"City of New York"
"High School of World Cultures","1300 BOYNTON AVENUE BRONX, NY 10472",40.831814,-73.878702,1,rooftop,1300,"Boynton Ave",Bronx,NY,"Bronx County",10472,US,"City of New York"
"Hillcrest High School","160-05 HIGHLAND AVENUE QUEENS, NY 11432",40.709264,-73.802174,1,rooftop,160-5,"Highland Ave",Jamaica,NY,"Queens County",11432,US,"City of New York"
"I.S. 024 Myra S. Barnes","750 DURANT AVENUE STATEN ISLAND, NY 10308",40.545711,-74.146009,1,rooftop,750,"Durant Ave","Staten Island",NY,"Richmond County",10308,US,"City of New York"
"I.S. 027 Anning S. Prall","11 CLOVE LAKE PLACE STATEN ISLAND, NY 10310",40.628294,-74.117066,1,rooftop,11,"Clove Lake Pl","Staten Island",NY,"Richmond County",10310,US,"City of New York"
"I.S. 059 Springfield Gardens","132-55 RIDGEDALE STREET QUEENS, NY 11413",40.682017,-73.753133,1,rooftop,132-55,"Ridgedale St","Springfield Gardens",NY,"Queens County",11413,US,"City of New York"
"I.S. 061 Leonardo Da Vinci","98-50 50 AVENUE QUEENS, NY 11368",40.742626,-73.862756,1,rooftop,98-50,"50th Ave",Corona,NY,"Queens County",11368,US,"City of New York"
"I.S. 068 Isaac Bildersee","956 EAST 82 STREET BROOKLYN, NY 11236",40.635281,-73.910731,1,rooftop,956,"E 82nd St",Brooklyn,NY,"Kings County",11236,US,"City of New York"
"I.S. 072 Rocco Laurie","33 FERNDALE AVENUE STATEN ISLAND, NY 10314",40.592757,-74.158633,1,rooftop,33,"Ferndale Ave","Staten Island",NY,"Richmond County",10314,US,"City of New York"
"I.S. 093 Ridgewood","66-56 FOREST AVENUE QUEENS, NY 11385",40.705855,-73.902827,1,rooftop,66-56,"Forest Ave",Ridgewood,NY,"Queens County",11385,US,"City of New York"
"I.S. 117 Joseph H. Wade","1865 MORRIS AVENUE BRONX, NY 10453",40.848605,-73.908568,1,rooftop,1865,"Morris Ave",Bronx,NY,"Bronx County",10453,US,"City of New York"
"I.S. 125 Thom J. McCann Woodside","46-02 47 AVENUE QUEENS, NY 11377",40.740919,-73.918688,1,rooftop,46-2,"47th Ave",Woodside,NY,"Queens County",11377,US,"City of New York"
"I.S. 136 Charles O. Dewey","4004 4 AVENUE BROOKLYN, NY 11232",40.654686,-74.011323,0.72,nearest_rooftop_match,4002,"2nd Ave",Brooklyn,NY,"Kings County",11232,US,"City of New York"
"I.S. 141 The Steinway","37-11 21 AVENUE QUEENS, NY 11105",40.775564,-73.904739,1,rooftop,37-11,"21st Ave",Astoria,NY,"Queens County",11105,US,"City of New York"
"I.S. 171 Abraham Lincoln","528 RIDGEWOOD AVENUE BROOKLYN, NY 11208",40.686042,-73.869468,1,rooftop,528,"Ridgewood Ave",Brooklyn,NY,"Kings County",11208,US,"City of New York"
"I.S. 211 John Wilson","1001 EAST 100 STREET BROOKLYN, NY 11236",40.642933,-73.895605,1,rooftop,1001,"E 100th St",Brooklyn,NY,"Kings County",11236,US,"City of New York"
"I.S. 219 New Venture School","3630 THIRD AVENUE BRONX, NY 10456",40.833781,-73.904118,1,rooftop,3630,"3rd Ave",Bronx,NY,"Bronx County",10456,US,"City of New York"
"I.S. 228 David A. Boody","228 AVENUE S BROOKLYN, NY 11223",40.601113,-73.976772,1,rooftop,228,"Ave S",Brooklyn,NY,"Kings County",11223,US,"City of New York"
"I.S. 229 Roland Patterson","275 HARLEM RIVER PARK BRIDGE BRONX, NY 10453",40.852635,-73.92127,1,rooftop,275,"Harlem River Park Brg",Bronx,NY,"Bronx County",10453,US,"City of New York"
"I.S. 237","46-21 COLDEN STREET QUEENS, NY 11355",40.7493,-73.821548,1,rooftop,46-21,"Colden St",Flushing,NY,"Queens County",11355,US,"City of New York"
"I.S. 238 - Susan B. Anthony Academy","88-15 182 STREET QUEENS, NY 11423",40.712772,-73.780173,1,rooftop,88-15,"182nd St",Hollis,NY,"Queens County",11423,US,"City of New York"
"I.S. 281 Joseph B Cavallaro","8787 24 AVENUE BROOKLYN, NY 11214",40.595213,-73.97443,0.9,rooftop,24,"Gravesend Neck Rd",Brooklyn,NY,"Kings County",11223,US,"City of New York"
"I.S. 285 Meyer Levin","5909 BEVERLY ROAD BROOKLYN, NY 11203",40.647075,-73.92071,1,rooftop,5909,"Beverley Rd",Brooklyn,NY,"Kings County",11203,US,"City of New York"
"I.S. 30 Mary White Ovington","7002 4TH AVENUE BROOKLYN, NY 11209",40.633472,-74.024209,1,rooftop,7002,"4th Ave",Brooklyn,NY,"Kings County",11209,US,"City of New York"
"I.S. 303 Herbert S. Eisenberg","501 WEST AVENUE BROOKLYN, NY 11224",40.582219,-73.972478,1,rooftop,501,"West Ave",Brooklyn,NY,"Kings County",11224,US,"City of New York"
"I.S. 318 Eugenio Maria De Hostos","101 WALTON STREET BROOKLYN, NY 11206",40.703136,-73.948139,1,rooftop,101,"Walton St",Brooklyn,NY,"Kings County",11206,US,"City of New York"
"I.S. 340","227 STERLING PLACE BROOKLYN, NY 11238",40.676104,-73.969848,1,rooftop,227,"Sterling Pl",Brooklyn,NY,"Kings County",11238,US,"City of New York"
"I.S. 347 School of Humanities","35 STARR STREET BROOKLYN, NY 11221",40.700259,-73.928096,1,rooftop,35,"Starr St",Brooklyn,NY,"Kings County",11221,US,"City of New York"
"I.S. 49 Berta A. Dreyfus","101 WARREN STREET STATEN ISLAND, NY 10304",40.620549,-74.081526,1,rooftop,101,"Warren St","Staten Island",NY,"Richmond County",10304,US,"City of New York"
"I.S. 528 Bea Fuller Rodgers School","180 WADSWORTH AVENUE MANHATTAN, NY 10033",40.850649,-73.934557,1,rooftop,180,"Wadsworth Ave","New York",NY,"New York County",10033,US,"City of New York"
"I.S. 98 Bay Academy","1401 EMMONS AVENUE BROOKLYN, NY 11235",40.583363,-73.953828,1,rooftop,1401,"Emmons Ave",Brooklyn,NY,"Kings County",11235,US,"City of New York"
"I.S. R002 George L. Egbert","333 MIDLAND AVENUE STATEN ISLAND, NY 10306",40.57702,-74.100577,1,rooftop,333,"Midland Ave","Staten Island",NY,"Richmond County",10306,US,"City of New York"
"International HS at Lafayette","2630 BENSON AVENUE BROOKLYN, NY 11214",40.593992,-73.985748,1,rooftop,2630,"Benson Ave",Brooklyn,NY,"Kings County",11214,US,"City of New York"
"International School for Liberal Arts","2780 RESERVOIR AVENUE BRONX, NY 10468",40.87068,-73.897591,1,rooftop,2780,"Reservoir Ave",Bronx,NY,"Bronx County",10468,US,"City of New York"
"Irwin Altman Middle School 172","81-14 257 STREET QUEENS, NY 11004",40.741554,-73.712978,1,rooftop,81-14,"257th St","Glen Oaks",NY,"Queens County",11004,US,"City of New York"
"J.H.S. 008 Richard S. Grossley","108-35 167 STREET QUEENS, NY 11433",40.697092,-73.786932,1,rooftop,108-35,"167th St",Jamaica,NY,"Queens County",11433,US,"City of New York"
"J.H.S. 050 John D. Wells","183 SOUTH 3 STREET BROOKLYN, NY 11211",40.711685,-73.959952,1,rooftop,183,"S 3rd St",Brooklyn,NY,"Kings County",11211,US,"City of New York"
"J.H.S. 052 Inwood","650 ACADEMY STREET MANHATTAN, NY 10034",40.865586,-73.92476,1,rooftop,650,"Academy St","New York",NY,"New York County",10034,US,"City of New York"
"J.H.S. 054 Booker T. Washington","103 WEST 107 STREET MANHATTAN, NY 10025",40.800467,-73.963283,1,rooftop,103,"W 107th St","New York",NY,"New York County",10025,US,"City of New York"
"J.H.S. 057 Whitelaw Reid","125 STUYVESANT AVENUE BROOKLYN, NY 11221",40.691223,-73.933529,1,rooftop,125,"Stuyvesant Ave",Brooklyn,NY,"Kings County",11221,US,"City of New York"
"J.H.S. 062 Ditmas","700 CORTELYOU ROAD BROOKLYN, NY 11218",40.638574,-73.97124,1,rooftop,700,"Cortelyou Rd",Brooklyn,NY,"Kings County",11218,US,"City of New York"
"J.H.S. 078 Roy H. Mann","1420 EAST 68 STREET BROOKLYN, NY 11234",40.620922,-73.912836,1,rooftop,1420,"E 68th St",Brooklyn,NY,"Kings County",11234,US,"City of New York"
"J.H.S. 098 Herman Ridder","1619 BOSTON ROAD BRONX, NY 10460",40.836061,-73.890597,1,rooftop,1619,"Boston Rd",Bronx,NY,"Bronx County",10460,US,"City of New York"
"J.H.S. 104 Simon Baruch","330 EAST 21 STREET MANHATTAN, NY 10010",40.735926,-73.980544,1,rooftop,330,"E 21st St","New York",NY,"New York County",10010,US,"City of New York"
"J.H.S. 123 James M. Kieran","1025 MORRISON AVENUE BRONX, NY 10472",40.825007,-73.873767,1,rooftop,1025,"Morrison Ave",Bronx,NY,"Bronx County",10472,US,"City of New York"
"J.H.S. 127 The Castle Hill","1560 PURDY STREET BRONX, NY 10462",40.838132,-73.853406,1,rooftop,1560,"Purdy St",Bronx,NY,"Bronx County",10462,US,"City of New York"
"J.H.S. 131 Albert Einstein","885 BOLTON AVENUE BRONX, NY 10473",40.8235,-73.859806,1,rooftop,885,"Bolton Ave",Bronx,NY,"Bronx County",10473,US,"City of New York"
"J.H.S. 143 Eleanor Roosevelt","511 WEST 182ND STREET MANHATTAN, NY 10033",40.849099,-73.931106,1,rooftop,511,"W 182nd St","New York",NY,"New York County",10033,US,"City of New York"
"J.H.S. 144 Michelangelo","2545 GUNTHER AVENUE BRONX, NY 10469",40.864196,-73.836304,1,rooftop,2545,"Gunther Ave",Bronx,NY,"Bronx County",10469,US,"City of New York"
"J.H.S. 189 Daniel Carter Beard","144-80 BARCLAY AVENUE QUEENS, NY 11355",40.760409,-73.818014,1,rooftop,144-80,"Barclay Ave",Flushing,NY,"Queens County",11355,US,"City of New York"
"J.H.S. 201 The Dyker Heights","8010 12 AVENUE BROOKLYN, NY 11228",40.595124,-73.97512,0.9,rooftop,12,"Gravesend Neck Rd",Brooklyn,NY,"Kings County",11223,US,"City of New York"
"J.H.S. 202 Robert H. Goddard","138-30 LAFAYETTE STREET QUEENS, NY 11417",40.670832,-73.845489,1,rooftop,138-30,"Lafayette St","Ozone Park",NY,"Queens County",11417,US,"City of New York"
"J.H.S. 210 Elizabeth Blackwell","93-11 101 AVENUE QUEENS, NY 11416",40.683993,-73.8475,1,rooftop,93-11,"101st Ave","Ozone Park",NY,"Queens County",11416,US,"City of New York"
"J.H.S. 218 James P. Sinnott","370 FOUNTAIN AVENUE BROOKLYN, NY 11208",40.670685,-73.874446,1,rooftop,370,"Fountain Ave",Brooklyn,NY,"Kings County",11208,US,"City of New York"
"J.H.S. 220 John J. Pershing","4812 9TH AVENUE BROOKLYN, NY 11220",40.640773,-74.000808,1,rooftop,4812,"9th Ave",Brooklyn,NY,"Kings County",11220,US,"City of New York"
"J.H.S. 227 Edward B. Shallow","6500 16 AVENUE BROOKLYN, NY 11204",40.595211,-73.974729,0.9,rooftop,16,"Gravesend Neck Rd",Brooklyn,NY,"Kings County",11223,US,"City of New York"
"J.H.S. 234 Arthur W. Cunningham","1875 EAST 17 STREET BROOKLYN, NY 11229",40.604348,-73.955318,1,rooftop,1875,"E 17th St",Brooklyn,NY,"Kings County",11229,US,"City of New York"
"J.H.S. 259 William Mckinley","7305 FT HAMILTON PARKWAY BROOKLYN, NY 11228",40.626338,-74.015141,1,rooftop,7305,"Ft Hamilton Pkwy",Brooklyn,NY,"Kings County",11228,US,"City of New York"
"J.H.S. 278 Marine Park","1925 STUART STREET BROOKLYN, NY 11229",40.606618,-73.938868,1,rooftop,1925,"Stuart St",Brooklyn,NY,"Kings County",11229,US,"City of New York"
"J.H.S. 291 Roland Hayes","231 PALMETTO STREET BROOKLYN, NY 11221",40.6955,-73.915174,1,rooftop,231,"Palmetto St",Brooklyn,NY,"Kings County",11221,US,"City of New York"
"J.H.S. 292 Margaret S. Douglas","301 VERMONT STREET BROOKLYN, NY 11207",40.671343,-73.893606,1,rooftop,301,"Vermont St",Brooklyn,NY,"Kings County",11207,US,"City of New York"
"James Madison High School","3787 BEDFORD AVENUE BROOKLYN, NY 11229",40.609881,-73.948215,1,rooftop,3787,"Bedford Ave",Brooklyn,NY,"Kings County",11229,US,"City of New York"
"James Weldon Johnson","176 EAST 115 STREET MANHATTAN, NY 10029",40.797488,-73.941443,1,rooftop,176,"E 115th St","New York",NY,"New York County",10029,US,"City of New York"
"John Dewey High School","50 AVENUE X BROOKLYN, NY 11223",40.588188,-73.981718,1,rooftop,50,"Ave X",Brooklyn,NY,"Kings County",11223,US,"City of New York"
"Jonas Bronck Academy","400 EAST FORDHAM ROAD BRONX, NY 10458",40.860899,-73.891931,1,rooftop,400,"E Fordham Rd",Bronx,NY,"Bronx County",10458,US,"City of New York"
"Life Sciences Secondary School","320 EAST 96 STREET MANHATTAN, NY 10128",40.783406,-73.94585,1,rooftop,320,"E 96th St","New York",NY,"New York County",10128,US,"City of New York"
"Locke School of Arts and Engineering (The)","20 WEST 112 STREET MANHATTAN, NY 10026",40.79843,-73.949399,1,rooftop,20,"W 112th St","New York",NY,"New York County",10026,US,"City of New York"
"M.S. 061 Dr. Gladstone H. Atwell","400 EMPIRE BOULEVARD BROOKLYN, NY 11225",40.663889,-73.948375,1,rooftop,400,"Empire Blvd",Brooklyn,NY,"Kings County",11225,US,"City of New York"
"M.S. 113 Ronald Edmonds Learning Center","300 ADELPHI STREET BROOKLYN, NY 11205",40.688487,-73.97112,1,rooftop,300,"Adelphi St",Brooklyn,NY,"Kings County",11205,US,"City of New York"
"M.S. 131","100 HESTER STREET MANHATTAN, NY 10002",40.716455,-73.993533,1,rooftop,100,"Hester St","New York",NY,"New York County",10002,US,"City of New York"
"M.S. 137 America's School of Heroes","109-15 98 STREET QUEENS, NY 11417",40.67829,-73.839647,1,rooftop,109-15,"98th St","Ozone Park",NY,"Queens County",11417,US,"City of New York"
"M.S. 158 Marie Curie","46-35 OCEANIA STREET QUEENS, NY 11361",40.755866,-73.772465,1,rooftop,46-35,"Oceania St",Bayside,NY,"Queens County",11361,US,"City of New York"
"M.S. 180 Dr. Daniel Hale Williams","700 BAYCHESTER AVENUE BRONX, NY 10475",40.873204,-73.832179,1,rooftop,700,"Baychester Ave",Bronx,NY,"Bronx County",10475,US,"City of New York"
"M.S. 260 Clinton School Writers & Artists","10 East 15th Street MANHATTAN, NY 10003",40.736259,-73.992362,1,rooftop,10,"E 15th St","New York",NY,"New York County",10003,US,"City of New York"
"M.S. 301 Paul L. Dunbar","890 CAULDWELL AVENUE BRONX, NY 10456",40.822084,-73.90722,1,rooftop,890,"Cauldwell Ave",Bronx,NY,"Bronx County",10456,US,"City of New York"
"M.S. 302 Luisa Dessus Cruz","681 KELLY STREET BRONX, NY 10455",40.815676,-73.90177,1,rooftop,681,"Kelly St",Bronx,NY,"Bronx County",10455,US,"City of New York"
"M.S.129 Academy for Independent Learning and Leadership","2055 MAPES AVENUE BRONX, NY 10460",40.845682,-73.886532,1,rooftop,2055,"Mapes Ave",Bronx,NY,"Bronx County",10460,US,"City of New York"
"MANHATTAN ACADEMY FOR ARTS & LANGUAGE","111 EAST 33RD STREET MANHATTAN, NY 10016",40.746224,-73.980996,1,rooftop,111,"E 33rd St","New York",NY,"New York County",10016,US,"City of New York"
"Magnet School of Math, Science and Design Technology","511 7 AVENUE BROOKLYN, NY 11215",40.594703,-73.965808,0.9,rooftop,511,"Gravesend Neck Rd",Brooklyn,NY,"Kings County",11223,US,"City of New York"
"Martin Van Buren High School","230-17 HILLSIDE AVENUE QUEENS, NY 11427",40.733685,-73.738723,1,rooftop,230-17,"Hillside Ave","Queens Village",NY,"Queens County",11427,US,"City of New York"
"Middle College High School","1186 CARROLL STREET BROOKLYN, NY 11225",40.667082,-73.951145,1,rooftop,1186,"Carroll St",Brooklyn,NY,"Kings County",11225,US,"City of New York"
"Middle School 322","4600 BROADWAY MANHATTAN, NY 10040",40.861017,-73.93013,1,rooftop,4600,Broadway,"New York",NY,"New York County",10040,US,"City of New York"
"Middle School for Art and Philosophy","1084 LENOX ROAD BROOKLYN, NY 11212",40.657957,-73.920276,1,rooftop,1084,"Lenox Rd",Brooklyn,NY,"Kings County",11212,US,"City of New York"
"Mott Hall Bronx High School","1595 BATHGATE AVENUE BRONX, NY 10457",40.839288,-73.901601,1,rooftop,1595,"Bathgate Ave",Bronx,NY,"Bronx County",10457,US,"City of New York"
"Mott Hall High School","6 EDGECOMBE AVENUE MANHATTAN, NY 10030",40.817386,-73.947448,1,rooftop,6,"Edgecombe Ave","New York",NY,"New York County",10030,US,"City of New York"
"New Design High School","350 GRAND STREET MANHATTAN, NY 10002",40.717348,-73.989595,1,rooftop,350,"Grand St","New York",NY,"New York County",10002,US,"City of New York"
"New Dorp High School","465 NEW DORP LANE STATEN ISLAND, NY 10306",40.569578,-74.107377,1,rooftop,465,"New Dorp Ln","Staten Island",NY,"Richmond County",10306,US,"City of New York"
"New Explorations into Science, Technology and Math High School","111 COLUMBIA STREET MANHATTAN, NY 10002",40.71914,-73.979371,1,rooftop,111,"Columbia St","New York",NY,"New York County",10002,US,"City of New York"
"New Millenium Business Acad. MS","1000 TELLER AVENUE BRONX, NY 10456",40.827892,-73.914175,1,rooftop,1000,"Teller Ave",Bronx,NY,"Bronx County",10456,US,"City of New York"
"Origins High School","3000 AVENUE X BROOKLYN, NY 11235",40.594005,-73.937395,1,rooftop,3000,"Ave X",Brooklyn,NY,"Kings County",11235,US,"City of New York"
"P.S. /I.S. 384 Frances E. Carter","242 COOPER STREET BROOKLYN, NY 11207",40.690113,-73.904894,1,rooftop,242,"Cooper St",Brooklyn,NY,"Kings County",11207,US,"City of New York"
"P.S. 001 Alfred E. Smith","8 HENRY STREET MANHATTAN, NY 10038",40.712661,-73.997517,1,rooftop,8,"Henry St","New York",NY,"New York County",10038,US,"City of New York"
"P.S. 001 The Bergen","309 47 STREET BROOKLYN, NY 11220",40.649091,-74.011833,1,rooftop,309,"47th St",Brooklyn,NY,"Kings County",11220,US,"City of New York"
"P.S. 002 Alfred Zimberg","75-10 21 AVENUE QUEENS, NY 11370",40.770195,-73.894005,1,rooftop,75-10,"21st Ave","East Elmhurst",NY,"Queens County",11370,US,"City of New York"
"P.S. 002 Meyer London","122 HENRY STREET MANHATTAN, NY 10002",40.713167,-73.99135,1,rooftop,122,"Henry St","New York",NY,"New York County",10002,US,"City of New York"
"P.S. 004 Duke Ellington","500 WEST 160 STREET MANHATTAN, NY 10032",40.834847,-73.941204,1,rooftop,500,"W 160th St","New York",NY,"New York County",10032,US,"City of New York"
"P.S. 004 Maurice Wollin","200 NEDRA LANE STATEN ISLAND, NY 10312",40.552373,-74.195516,1,rooftop,200,"Nedra Ln","Staten Island",NY,"Richmond County",10312,US,"City of New York"
"P.S. 005 Dr. Ronald Mcnair","820 HANCOCK STREET BROOKLYN, NY 11233",40.685546,-73.922603,1,rooftop,820,"Hancock St",Brooklyn,NY,"Kings County",11233,US,"City of New York"
"P.S. 005 Ellen Lurie","3703 TENTH AVENUE MANHATTAN, NY 10034",40.85892,-73.922428,0.9,rooftop,3703,"10th Ave","New York",NY,"New York County",10040,US,"City of New York"
"P.S. 007 Abraham Lincoln","858 JAMAICA AVENUE BROOKLYN, NY 11208",40.689594,-73.872989,1,rooftop,858,"Jamaica Ave",Brooklyn,NY,"Kings County",11208,US,"City of New York"
"P.S. 008 Issac Varian","3010 BRIGGS AVENUE BRONX, NY 10458",40.872402,-73.883651,1,rooftop,3010,"Briggs Ave",Bronx,NY,"Bronx County",10458,US,"City of New York"
"P.S. 008 Luis Belliard","465 WEST 167 STREET MANHATTAN, NY 10032",40.839031,-73.936713,1,rooftop,465,"W 167th St","New York",NY,"New York County",10032,US,"City of New York"
"P.S. 009 Sarah Anderson","100 WEST 84 STREET MANHATTAN, NY 10024",40.785287,-73.973745,1,rooftop,100,"W 84th St","New York",NY,"New York County",10024,US,"City of New York"
"P.S. 011 Highbridge","1257 OGDEN AVENUE BRONX, NY 10452",40.839672,-73.925699,1,rooftop,1257,"Ogden Ave",Bronx,NY,"Bronx County",10452,US,"City of New York"
"P.S. 011 William T. Harris","320 WEST 21 STREET MANHATTAN, NY 10011",40.744466,-74.000772,1,rooftop,320,"W 21st St","New York",NY,"New York County",10011,US,"City of New York"
"P.S. 012 James B. Colgate","42-00 72 STREET QUEENS, NY 11377",40.742363,-73.892978,1,rooftop,42-,"72nd St",Woodside,NY,"Queens County",11377,US,"City of New York"
"P.S. 013 Clement C. Moore","55-01 94 STREET QUEENS, NY 11373",40.737342,-73.868169,1,rooftop,55-1,"94th St",Elmhurst,NY,"Queens County",11373,US,"City of New York"
"P.S. 013 Roberto Clemente","557 PENNSYLVANIA AVENUE BROOKLYN, NY 11207",40.663642,-73.893547,1,rooftop,557,"Pennsylvania Ave",Brooklyn,NY,"Kings County",11207,US,"City of New York"
"P.S. 014 Fairview","107-01 OTIS AVENUE QUEENS, NY 11368",40.740865,-73.854178,1,rooftop,107-1,"Otis Ave",Corona,NY,"Queens County",11368,US,"City of New York"
"P.S. 015 Patrick F. Daly","71 SULLIVAN STREET BROOKLYN, NY 11231",40.67711,-74.011445,1,rooftop,71,"Sullivan St",Brooklyn,NY,"Kings County",11231,US,"City of New York"
"P.S. 016 John J. Driscoll","195 DANIEL LOW TERRACE STATEN ISLAND, NY 10301",40.639614,-74.079933,1,rooftop,195,"Daniel Low Ter","Staten Island",NY,"Richmond County",10301,US,"City of New York"
"P.S. 017 Henry D. Woodworth","208 NORTH 5 STREET BROOKLYN, NY 11211",40.715362,-73.956968,1,rooftop,208,"N 5th St",Brooklyn,NY,"Kings County",11211,US,"City of New York"
"P.S. 018 Edward Bush","101 MAUJER STREET BROOKLYN, NY 11206",40.71072,-73.946899,1,rooftop,101,"Maujer St",Brooklyn,NY,"Kings County",11206,US,"City of New York"
"P.S. 018 John G. Whittier","221 BROADWAY STATEN ISLAND, NY 10310",40.636836,-74.117346,1,rooftop,221,Broadway,"Staten Island",NY,"Richmond County",10310,US,"City of New York"
"P.S. 018 John Peter Zenger","502 MORRIS AVENUE BRONX, NY 10451",40.816426,-73.92299,1,rooftop,502,"Morris Ave",Bronx,NY,"Bronx County",10451,US,"City of New York"
"P.S. 019 Asher Levy","185 1 AVENUE MANHATTAN, NY 10003",40.729735,-73.984018,1,rooftop,185,"1st Ave","New York",NY,"New York County",10003,US,"City of New York"
"P.S. 020 Port Richmond","161 PARK AVENUE STATEN ISLAND, NY 10302",40.636739,-74.132576,1,rooftop,161,"Park Ave","Staten Island",NY,"Richmond County",10302,US,"City of New York"
"P.S. 021 Crispus Attucks","180 CHAUNCEY STREET BROOKLYN, NY 11233",40.680632,-73.926256,1,rooftop,180,"Chauncey St",Brooklyn,NY,"Kings County",11233,US,"City of New York"
"P.S. 021 Edward Hart","147-36 26 AVENUE QUEENS, NY 11354",40.774352,-73.817933,1,rooftop,147-36,"26th Ave",Flushing,NY,"Queens County",11354,US,"City of New York"
"P.S. 021 Philip H. Sheridan","715 EAST 225 STREET BRONX, NY 10466",40.887664,-73.859729,1,rooftop,715,"E 225th St",Bronx,NY,"Bronx County",10466,US,"City of New York"
"P.S. 022 Graniteville Extension","1860 FOREST AVENUE STATEN ISLAND, NY 10303",40.625168,-74.151187,1,rooftop,1860,"Forest Ave","Staten Island",NY,"Richmond County",10303,US,"City of New York"
"P.S. 026 The Carteret School","4108 VICTORY BOULEVARD STATEN ISLAND, NY 10314",40.591679,-74.190284,1,rooftop,4108,"Victory Blvd","Staten Island",NY,"Richmond County",10314,US,"City of New York"
"P.S. 028 Mount Hope","1861 ANTHONY AVENUE BRONX, NY 10457",40.84829,-73.90355,1,rooftop,1861,"Anthony Ave",Bronx,NY,"Bronx County",10457,US,"City of New York"
"P.S. 028 Wright Brothers","475 WEST 155 STREET MANHATTAN, NY 10032",40.831546,-73.942404,1,rooftop,475,"W 155th St","New York",NY,"New York County",10032,US,"City of New York"
"P.S. 030 Westerleigh","200 WARDWELL AVENUE STATEN ISLAND, NY 10314",40.618018,-74.132847,1,rooftop,200,"Wardwell Ave","Staten Island",NY,"Richmond County",10314,US,"City of New York"
"P.S. 031 Samuel F. Dupont","75 MESEROLE AVENUE BROOKLYN, NY 11222",40.726753,-73.954039,1,rooftop,75,"Meserole Ave",Brooklyn,NY,"Kings County",11222,US,"City of New York"
"P.S. 031 William T. Davis","55 LAYTON AVENUE STATEN ISLAND, NY 10301",40.64174,-74.085515,1,rooftop,55,"Layton Ave","Staten Island",NY,"Richmond County",10301,US,"City of New York"
"P.S. 032 Belmont","690 EAST 183 STREET BRONX, NY 10458",40.852013,-73.886056,0.9,rooftop,690,"E 183rd St",Bronx,NY,"Bronx County",10457,US,"City of New York"
"P.S. 033 Timothy Dwight","2424 JEROME AVENUE BRONX, NY 10468",40.861675,-73.901633,1,rooftop,2424,"Jerome Ave",Bronx,NY,"Bronx County",10468,US,"City of New York"
"P.S. 036 Margaret Douglas","123 MORNINGSIDE DRIVE MANHATTAN, NY 10027",40.810509,-73.957399,0.9,rooftop,123,"Morningside Dr","New York",NY,"New York County",10026,US,"City of New York"
"P.S. 036 Unionport","1070 CASTLE HILL AVENUE BRONX, NY 10472",40.829418,-73.850258,1,rooftop,1070,"Castle Hill Ave",Bronx,NY,"Bronx County",10472,US,"City of New York"
"P.S. 038 The Pacific","450 PACIFIC STREET BROOKLYN, NY 11217",40.685094,-73.982632,1,rooftop,450,"Pacific St",Brooklyn,NY,"Kings County",11217,US,"City of New York"
"P.S. 041 Francis White","411 THATFORD AVENUE BROOKLYN, NY 11212",40.660349,-73.90725,1,rooftop,411,"Thatford Ave",Brooklyn,NY,"Kings County",11212,US,"City of New York"
"P.S. 041 Greenwich Village","116 WEST 11 STREET MANHATTAN, NY 10011",40.73556,-73.999014,1,rooftop,116,"W 11th St","New York",NY,"New York County",10011,US,"City of New York"
"P.S. 041 Gun Hill Road","3352 OLINVILLE AVENUE BRONX, NY 10467",40.874514,-73.868021,1,rooftop,3352,"Olinville Ave",Bronx,NY,"Bronx County",10467,US,"City of New York"
"P.S. 042 Benjamin Altman","71 HESTER STREET MANHATTAN, NY 10002",40.715983,-73.99088,1,rooftop,71,"Hester St","New York",NY,"New York County",10002,US,"City of New York"
"P.S. 042 Claremont","1537 WASHINGTON AVENUE BRONX, NY 10457",40.83856,-73.903026,1,rooftop,1537,"Washington Ave",Bronx,NY,"Bronx County",10457,US,"City of New York"
"P.S. 044 Marcus Garvey","432 MONROE STREET BROOKLYN, NY 11221",40.686421,-73.940983,1,rooftop,432,"Monroe St",Brooklyn,NY,"Kings County",11221,US,"City of New York"
"P.S. 044 Thomas C. Brown","80 MAPLE PARKWAY STATEN ISLAND, NY 10303",40.631621,-74.156757,1,rooftop,80,"Maple Pkwy","Staten Island",NY,"Richmond County",10303,US,"City of New York"
"P.S. 046 Alley Pond","64-45 218 STREET QUEENS, NY 11364",40.745298,-73.758167,1,rooftop,64-45,"218th St","Oakland Gardens",NY,"Queens County",11364,US,"City of New York"
"P.S. 046 Arthur Tappan","2987 FREDERICK DOUGLASS BOULEVARD MANHATTAN, NY 10039",40.831491,-73.935885,1,rooftop,2987,"Frederick Douglass Blvd","New York",NY,"New York County",10039,US,"City of New York"
"P.S. 046 Edgar Allan Poe","279 EAST 196 STREET BRONX, NY 10458",40.86695,-73.890627,1,rooftop,279,"E 196th St",Bronx,NY,"Bronx County",10458,US,"City of New York"
"P.S. 047 John Randolph","1794 EAST 172 STREET BRONX, NY 10472",40.83274,-73.866996,1,rooftop,1794,"E 172nd St",Bronx,NY,"Bronx County",10472,US,"City of New York"
"P.S. 048 Mapleton","6015 18 AVENUE BROOKLYN, NY 11204",40.595216,-73.974594,0.9,rooftop,18,"Gravesend Neck Rd",Brooklyn,NY,"Kings County",11223,US,"City of New York"
"P.S. 048 William Wordsworth","108-29 155 STREET QUEENS, NY 11433",40.69357,-73.796108,1,rooftop,108-29,"155th St",Jamaica,NY,"Queens County",11433,US,"City of New York"
"P.S. 049 Dorothy Bonawit Kole","63-60 80th Street QUEENS, NY 11379",40.719518,-73.875034,1,rooftop,63-60,"80th St","Middle Village",NY,"Queens County",11379,US,"City of New York"
"P.S. 052 John C. Thompson","450 BUEL AVENUE STATEN ISLAND, NY 10305",40.58247,-74.088403,1,rooftop,450,"Buel Ave","Staten Island",NY,"Richmond County",10305,US,"City of New York"
"P.S. 052 Sheepshead Bay","2675 EAST 29 STREET BROOKLYN, NY 11235",40.587404,-73.940252,1,rooftop,2675,"E 29th St",Brooklyn,NY,"Kings County",11235,US,"City of New York"
"P.S. 053 Basheer Quisim","360 EAST 168 STREET BRONX, NY 10456",40.832764,-73.911504,1,rooftop,360,"E 168th St",Bronx,NY,"Bronx County",10456,US,"City of New York"
"P.S. 053 Bay Terrace","330 DURANT AVENUE STATEN ISLAND, NY 10308",40.552129,-74.137382,1,rooftop,330,"Durant Ave","Staten Island",NY,"Richmond County",10308,US,"City of New York"
"P.S. 054 Charles W. Leng","1060 WILLOWBROOK ROAD STATEN ISLAND, NY 10314",40.603084,-74.137706,1,rooftop,1060,"Willowbrook Rd","Staten Island",NY,"Richmond County",10314,US,"City of New York"
"P.S. 055 Henry M. Boehm","54 OSBORNE STREET STATEN ISLAND, NY 10312",40.536556,-74.163617,1,rooftop,54,"Osborne St","Staten Island",NY,"Richmond County",10312,US,"City of New York"
"P.S. 056 Norwood Heights","341 EAST 207 STREET BRONX, NY 10467",40.87526,-73.875041,1,rooftop,341,"E 207th St",Bronx,NY,"Bronx County",10467,US,"City of New York"
"P.S. 057 Crescent","2111 CROTONA AVENUE BRONX, NY 10457",40.848646,-73.888836,1,rooftop,2111,"Crotona Ave",Bronx,NY,"Bronx County",10457,US,"City of New York"
"P.S. 057 Hubert H. Humphrey","140 PALMA DRIVE STATEN ISLAND, NY 10304",40.611392,-74.083375,1,rooftop,140,"Palma Dr","Staten Island",NY,"Richmond County",10304,US,"City of New York"
"P.S. 058","459 EAST 176 STREET BRONX, NY 10457",40.846109,-73.898846,1,rooftop,459,"E 176th St",Bronx,NY,"Bronx County",10457,US,"City of New York"
"P.S. 059 The Community School of Technology","2185 BATHGATE AVENUE BRONX, NY 10457",40.85306,-73.893421,1,rooftop,2185,"Bathgate Ave",Bronx,NY,"Bronx County",10457,US,"City of New York"
"P.S. 060 Alice Austen","55 MERRILL AVENUE STATEN ISLAND, NY 10314",40.61038,-74.162688,1,rooftop,55,"Merrill Ave","Staten Island",NY,"Richmond County",10314,US,"City of New York"
"P.S. 060 Woodhaven","91-02 88 AVENUE QUEENS, NY 11421",40.691967,-73.852964,1,rooftop,91-2,"88th Ave",Woodhaven,NY,"Queens County",11421,US,"City of New York"
"P.S. 062 Chester Park","97-25 108 STREET QUEENS, NY 11419",40.688636,-73.836029,1,rooftop,97-25,"108th St","South Richmond Hill",NY,"Queens County",11419,US,"City of New York"
"P.S. 062 Inocensio Casanova","660 FOX STREET BRONX, NY 10455",40.813974,-73.900256,1,rooftop,660,"Fox St",Bronx,NY,"Bronx County",10455,US,"City of New York"
"P.S. 063 Author's Academy","1260 FRANKLIN AVENUE BRONX, NY 10456",40.831071,-73.902272,1,rooftop,1260,"Franklin Ave",Bronx,NY,"Bronx County",10456,US,"City of New York"
"P.S. 064 Robert Simon","600 EAST 6 STREET MANHATTAN, NY 10009",40.724233,-73.981387,1,rooftop,600,"E 6th St","New York",NY,"New York County",10009,US,"City of New York"
"P.S. 066 School of Higher Expectations","1001 JENNINGS STREET BRONX, NY 10460",40.831216,-73.886725,1,rooftop,1001,"Jennings St",Bronx,NY,"Bronx County",10460,US,"City of New York"
"P.S. 067 Charles A. Dorsey","51 SAINT EDWARDS STREET BROOKLYN, NY 11205",40.695251,-73.978039,1,rooftop,51,"St Edwards St",Brooklyn,NY,"Kings County",11205,US,"City of New York"
"P.S. 067 Mohegan School","2024 MOHEGAN AVENUE BRONX, NY 10460",40.844001,-73.884536,1,rooftop,2024,"Mohegan Ave",Bronx,NY,"Bronx County",10460,US,"City of New York"
"P.S. 069 Daniel D. Tompkins","144 KEATING PLACE STATEN ISLAND, NY 10314",40.590978,-74.157467,1,rooftop,144,"Keating Pl","Staten Island",NY,"Richmond County",10314,US,"City of New York"
"P.S. 069 Jackson Heights","77-02 37 AVENUE QUEENS, NY 11372",40.749102,-73.888502,1,rooftop,77-2,"37th Ave","Jackson Heights",NY,"Queens County",11372,US,"City of New York"
"P.S. 070 Max Schoenfeld","1691 WEEKS AVENUE BRONX, NY 10457",40.844395,-73.907769,1,rooftop,1691,"Weeks Ave",Bronx,NY,"Bronx County",10457,US,"City of New York"
"P.S. 071 Rose E. Scala","3040 ROBERTS AVENUE BRONX, NY 10461",40.845672,-73.829743,1,rooftop,3040,"Roberts Ave",Bronx,NY,"Bronx County",10461,US,"City of New York"
"P.S. 072 Dr. William Dorney","2951 DEWEY AVENUE BRONX, NY 10465",40.822896,-73.818002,1,rooftop,2951,"Dewey Ave",Bronx,NY,"Bronx County",10465,US,"City of New York"
"P.S. 075 Mayda Cortiella","95 GROVE STREET BROOKLYN, NY 11221",40.693102,-73.921042,1,rooftop,95,"Grove St",Brooklyn,NY,"Kings County",11221,US,"City of New York"
"P.S. 076 A. Philip Randolph","220 WEST 121 STREET MANHATTAN, NY 10027",40.806711,-73.951244,1,rooftop,220,"W 121st St","New York",NY,"New York County",10027,US,"City of New York"
"P.S. 076 The Bennington School","900 ADEE AVENUE BRONX, NY 10469",40.868653,-73.861171,1,rooftop,900,"Adee Ave",Bronx,NY,"Bronx County",10469,US,"City of New York"
"P.S. 078 Anne Hutchinson","1400 NEEDHAM AVENUE BRONX, NY 10469",40.878652,-73.85071,1,rooftop,1400,"Needham Ave",Bronx,NY,"Bronx County",10469,US,"City of New York"
"P.S. 081 Thaddeus Stevens","990 DEKALB AVENUE BROOKLYN, NY 11221",40.6931,-73.935299,1,rooftop,990,"Dekalb Ave",Brooklyn,NY,"Kings County",11221,US,"City of New York"
"P.S. 083 Donald Hertz","1840 BOGART AVENUE BRONX, NY 10462",40.848626,-73.858675,1,rooftop,1840,"Bogart Ave",Bronx,NY,"Bronx County",10462,US,"City of New York"
"P.S. 083 Luis Munoz Rivera","219 EAST 109 STREET MANHATTAN, NY 10029",40.793089,-73.942005,1,rooftop,219,"E 109th St","New York",NY,"New York County",10029,US,"City of New York"
"P.S. 084 Jose De Diego","250 BERRY STREET BROOKLYN, NY 11211",40.714841,-73.96313,0.9,rooftop,250,"Berry St",Brooklyn,NY,"Kings County",11249,US,"City of New York"
"P.S. 085 Judge Charles Vallone","23-70 31 STREET QUEENS, NY 11105",40.773009,-73.914843,1,rooftop,23-70,"31st St",Astoria,NY,"Queens County",11105,US,"City of New York"
"P.S. 086 Kingsbridge Heights","2756 RESERVOIR AVENUE BRONX, NY 10468",40.870024,-73.898207,1,rooftop,2756,"Reservoir Ave",Bronx,NY,"Bronx County",10468,US,"City of New York"
"P.S. 086 The Irvington","220 IRVING AVENUE BROOKLYN, NY 11237",40.700748,-73.91766,1,rooftop,220,"Irving Ave",Brooklyn,NY,"Kings County",11237,US,"City of New York"
"P.S. 089 Bronx","980 MACE AVENUE BRONX, NY 10469",40.862848,-73.859238,1,rooftop,980,"Mace Ave",Bronx,NY,"Bronx County",10469,US,"City of New York"
"P.S. 091 Bronx","2170 AQUEDUCT AVENUE BRONX, NY 10453",40.857453,-73.90844,1,range_interpolation,2170,"Aqueduct Ave",Bronx,NY,"Bronx County",10453,US,"TIGER/Line® dataset from the US Census Bureau"
"P.S. 091 The Albany Avenue School","532 ALBANY AVENUE BROOKLYN, NY 11203",40.661837,-73.940141,1,rooftop,532,"Albany Ave",Brooklyn,NY,"Kings County",11203,US,"City of New York"
"P.S. 092 Adrian Hegeman","601 PARKSIDE AVENUE BROOKLYN, NY 11226",40.656129,-73.954114,0.9,rooftop,601,"Parkside Ave",Brooklyn,NY,"Kings County",11225,US,"City of New York"
"P.S. 093 Albert G. Oliver","1535 STORY AVENUE BRONX, NY 10473",40.82197,-73.87701,1,rooftop,1535,"Story Ave",Bronx,NY,"Bronx County",10473,US,"City of New York"
"P.S. 094 The Henry Longfellow","5010 6 AVENUE BROOKLYN, NY 11220",40.618856,-73.926433,0.62,nearest_rooftop_match,5008,"Ave N",Brooklyn,NY,"Kings County",11234,US,"City of New York"
"P.S. 095 Sheila Mencher","3961 HILLMAN AVENUE BRONX, NY 10463",40.882946,-73.891441,1,rooftop,3961,"Hillman Ave",Bronx,NY,"Bronx County",10463,US,"City of New York"
"P.S. 095 The Gravesend","345 VAN SICKLEN STREET BROOKLYN, NY 11223",40.595588,-73.975038,1,rooftop,345,"Van Sicklen St",Brooklyn,NY,"Kings County",11223,US,"City of New York"
"P.S. 096 Joseph Lanzetta","216 EAST 120 STREET MANHATTAN, NY 10035",40.799919,-73.937027,1,rooftop,216,"E 120th St","New York",NY,"New York County",10035,US,"City of New York"
"P.S. 097 Bronx","1375 MACE AVENUE BRONX, NY 10469",40.863072,-73.846947,1,rooftop,1375,"Mace Ave",Bronx,NY,"Bronx County",10469,US,"City of New York"
"P.S. 097 Forest Park","85-52 85 STREET QUEENS, NY 11421",40.694278,-73.859781,1,rooftop,85-52,"85th St",Woodhaven,NY,"Queens County",11421,US,"City of New York"
"P.S. 098 Shorac Kappock","512 WEST 212 STREET MANHATTAN, NY 10034",40.86793,-73.917668,1,rooftop,512,"W 212th St","New York",NY,"New York County",10034,US,"City of New York"
"P.S. 099 Isaac Asimov","1120 EAST 10 STREET BROOKLYN, NY 11230",40.621562,-73.965758,1,rooftop,1120,"E 10th St",Brooklyn,NY,"Kings County",11230,US,"City of New York"
"P.S. 100 Glen Morris","111-11 118 STREET QUEENS, NY 11420",40.67991,-73.821875,1,rooftop,111-11,"118th St","South Ozone Park",NY,"Queens County",11420,US,"City of New York"
"P.S. 100 Isaac Clason","800 TAYLOR AVENUE BRONX, NY 10473",40.82186,-73.862933,1,rooftop,800,"Taylor Ave",Bronx,NY,"Bronx County",10473,US,"City of New York"
"P.S. 100 The Coney Island School","2951 WEST 3 STREET BROOKLYN, NY 11224",40.577592,-73.971101,1,rooftop,2951,"W 3rd St",Brooklyn,NY,"Kings County",11224,US,"City of New York"
"P.S. 101 The Verrazano","2360 BENSON AVENUE BROOKLYN, NY 11214",40.597618,-73.991725,1,rooftop,2360,"Benson Ave",Brooklyn,NY,"Kings County",11214,US,"City of New York"
"P.S. 102 The Bayview","211 72 STREET BROOKLYN, NY 11209",40.63412,-74.028992,1,rooftop,211,"72nd St",Brooklyn,NY,"Kings County",11209,US,"City of New York"
"P.S. 103 Hector Fontanez","4125 CARPENTER AVENUE BRONX, NY 10466",40.892245,-73.861622,1,rooftop,4125,"Carpenter Ave",Bronx,NY,"Bronx County",10466,US,"City of New York"
"P.S. 104 The Bays Water","26-01 MOTT AVENUE QUEENS, NY 11691",40.6082,-73.764899,1,rooftop,26-1,"Mott Ave","Far Rockaway",NY,"Queens County",11691,US,"City of New York"
"P.S. 105 Sen Abraham Bernstein","725 BRADY AVENUE BRONX, NY 10462",40.852585,-73.866448,1,rooftop,725,"Brady Ave",Bronx,NY,"Bronx County",10462,US,"City of New York"
"P.S. 105 The Blythebourne","1031 59 STREET BROOKLYN, NY 11219",40.633114,-74.003671,1,rooftop,1031,"59th St",Brooklyn,NY,"Kings County",11219,US,"City of New York"
"P.S. 106 Edward Everett Hale","1328 PUTNAM AVENUE BROOKLYN, NY 11221",40.693885,-73.912909,1,rooftop,1328,"Putnam Ave",Brooklyn,NY,"Kings County",11221,US,"City of New York"
"P.S. 107 Thomas A Dooley","167-02 45 AVENUE QUEENS, NY 11358",40.755816,-73.799423,1,rooftop,167-2,"45th Ave",Flushing,NY,"Queens County",11358,US,"City of New York"
"P.S. 107","1695 SEWARD AVENUE BRONX, NY 10473",40.818661,-73.868441,1,rooftop,1695,"Seward Ave",Bronx,NY,"Bronx County",10473,US,"City of New York"
"P.S. 108 Assemblyman Angelo Del Toro Educational Complex","1615 MADISON AVENUE MANHATTAN, NY 10029",40.795154,-73.948165,1,rooftop,1615,"Madison Ave","New York",NY,"New York County",10029,US,"City of New York"
"P.S. 108 Sal Abbracciamento","200 LINWOOD STREET BROOKLYN, NY 11208",40.681298,-73.884185,1,rooftop,200,"Linwood St",Brooklyn,NY,"Kings County",11208,US,"City of New York"
"P.S. 109 Sedgwick","1771 POPHAM AVENUE BRONX, NY 10453",40.85153,-73.918631,1,rooftop,1771,"Popham Ave",Bronx,NY,"Bronx County",10453,US,"City of New York"
"P.S. 11 Thomas Dongan School","51 JEFFERSON STREET STATEN ISLAND, NY 10304",40.590678,-74.09785,1,rooftop,51,"Jefferson St","Staten Island",NY,"Richmond County",10304,US,"City of New York"
"P.S. 110 Theodore Schoenfeld","580 CROTONA PARK SOUTH BRONX, NY 10456",40.835096,-73.900477,1,rooftop,580,"Crotona Park S",Bronx,NY,"Bronx County",10456,US,"City of New York"
"P.S. 111 Adolph S. Ochs","440 WEST 53 STREET MANHATTAN, NY 10019",40.766005,-73.989356,1,rooftop,440,"W 53rd St","New York",NY,"New York County",10019,US,"City of New York"
"P.S. 111 Jacob Blackwell","37-15 13 STREET QUEENS, NY 11101",40.7586,-73.939373,1,rooftop,37-15,"13th St","Long Island City",NY,"Queens County",11101,US,"City of New York"
"P.S. 111 Seton Falls","3740 BAYCHESTER AVENUE BRONX, NY 10466",40.884555,-73.840005,1,rooftop,3740,"Baychester Ave",Bronx,NY,"Bronx County",10466,US,"City of New York"
"P.S. 112 Bronxwood","1925 SCHIEFFELIN AVENUE BRONX, NY 10466",40.884875,-73.843676,1,rooftop,1925,"Schieffelin Ave",Bronx,NY,"Bronx County",10466,US,"City of New York"
"P.S. 112 Jose Celso Barbosa","535 EAST 119 STREET MANHATTAN, NY 10035",40.796557,-73.930451,1,rooftop,535,"E 119th St","New York",NY,"New York County",10035,US,"City of New York"
"P.S. 115 Alexander Humboldt","586 WEST 177 STREET MANHATTAN, NY 10033",40.846436,-73.935199,1,rooftop,586,"W 177th St","New York",NY,"New York County",10033,US,"City of New York"
"P.S. 115 Daniel Mucatel School","1500 EAST 92 STREET BROOKLYN, NY 11236",40.634816,-73.8974,1,rooftop,1500,"E 92nd St",Brooklyn,NY,"Kings County",11236,US,"City of New York"
"P.S. 117 J. Keld / Briarwood School","85-15 143 STREET QUEENS, NY 11435",40.710014,-73.813219,1,rooftop,85-15,"143rd St",Jamaica,NY,"Queens County",11435,US,"City of New York"
"P.S. 119 Amersfort","3829 AVENUE K BROOKLYN, NY 11210",40.625835,-73.938711,1,rooftop,3829,"Ave K",Brooklyn,NY,"Kings County",11210,US,"City of New York"
"P.S. 119","1075 PUGSLEY AVENUE BRONX, NY 10472",40.828674,-73.856863,1,rooftop,1075,"Pugsley Ave",Bronx,NY,"Bronx County",10472,US,"City of New York"
"P.S. 120 Carlos Tapia","18 BEAVER STREET BROOKLYN, NY 11206",40.700512,-73.937854,1,rooftop,18,"Beaver St",Brooklyn,NY,"Kings County",11206,US,"City of New York"
"P.S. 120 Queens","58-01 136 STREET QUEENS, NY 11355",40.745233,-73.829166,1,rooftop,58-1,"136th St",Flushing,NY,"Queens County",11355,US,"City of New York"
"P.S. 122 Mamie Fay","21-21 DITMARS BOULEVARD QUEENS, NY 11105",40.780254,-73.916121,1,rooftop,21-21,"Ditmars Blvd",Astoria,NY,"Queens County",11105,US,"City of New York"
"P.S. 123 Mahalia Jackson","301 WEST 140 STREET MANHATTAN, NY 10030",40.819962,-73.944664,1,rooftop,301,"W 140th St","New York",NY,"New York County",10030,US,"City of New York"
"P.S. 123 Suydam","100 IRVING AVENUE BROOKLYN, NY 11237",40.703905,-73.922575,1,rooftop,100,"Irving Ave",Brooklyn,NY,"Kings County",11237,US,"City of New York"
"P.S. 124 Silas B. Dutcher","515 4 AVENUE BROOKLYN, NY 11215",40.594644,-73.965672,0.9,rooftop,515,"Gravesend Neck Rd",Brooklyn,NY,"Kings County",11223,US,"City of New York"
"P.S. 126 Dr Marjorie H Dunbar","175 WEST 166 STREET BRONX, NY 10452",40.835952,-73.928391,1,rooftop,175,"W 166th St",Bronx,NY,"Bronx County",10452,US,"City of New York"
"P.S. 126 Jacob August Riis","80 CATHERINE STREET MANHATTAN, NY 10038",40.710344,-73.996704,1,rooftop,80,"Catherine St","New York",NY,"New York County",10038,US,"City of New York"
"P.S. 127 Mckinley Park","7805 7 AVENUE BROOKLYN, NY 11228",40.616695,-74.013047,0.33,place,,,Brooklyn,NY,"Kings County",11228,US,"TIGER/Line® dataset from the US Census Bureau"
"P.S. 128 Bensonhurst","2075 84 STREET BROOKLYN, NY 11214",40.604838,-73.99527,1,rooftop,2075,"84th St",Brooklyn,NY,"Kings County",11214,US,"City of New York"
"P.S. 130 Hernando De Soto","143 BAXTER STREET MANHATTAN, NY 10013",40.718738,-73.998444,1,rooftop,143,"Baxter St","New York",NY,"New York County",10013,US,"City of New York"
"P.S. 130 The Parkside","70 OCEAN PARKWAY BROOKLYN, NY 11218",40.648443,-73.975541,1,range_interpolation,70,"Ocean Pkwy",Brooklyn,NY,"Kings County",11218,US,"TIGER/Line® dataset from the US Census Bureau"
"P.S. 131 Brooklyn","4305 FT HAMILTON PARKWAY BROOKLYN, NY 11219",40.640838,-73.993415,1,rooftop,4305,"Ft Hamilton Pkwy",Brooklyn,NY,"Kings County",11219,US,"City of New York"
"P.S. 133 Fred R Moore","2121 5 AVENUE MANHATTAN, NY 10037",40.809857,-73.939498,1,rooftop,2121,"5th Ave","New York",NY,"New York County",10037,US,"City of New York"
"P.S. 134 George F. Bristow","1330 BRISTOW STREET BRONX, NY 10459",40.831478,-73.894657,1,rooftop,1330,"Bristow St",Bronx,NY,"Bronx County",10459,US,"City of New York"
"P.S. 134 Hollis","203-02 109 AVENUE QUEENS, NY 11412",40.707883,-73.754899,1,rooftop,203-2,"109th Ave","Saint Albans",NY,"Queens County",11412,US,"City of New York"
"P.S. 135 Sheldon A. Brookner","5811 DITMAS AVENUE BROOKLYN, NY 11203",40.643855,-73.921472,1,rooftop,5811,"Ditmas Ave",Brooklyn,NY,"Kings County",11203,US,"City of New York"
"P.S. 135 Sheldon A. Brookner","684 LINDEN BOULEVARD BROOKLYN, NY 11203",40.653418,-73.932977,1,rooftop,684,"Linden Blvd",Brooklyn,NY,"Kings County",11203,US,"City of New York"
"P.S. 138 Brooklyn","760 PROSPECT PLACE BROOKLYN, NY 11216",40.674237,-73.951323,1,rooftop,760,"Prospect Pl",Brooklyn,NY,"Kings County",11216,US,"City of New York"
"P.S. 139 Alexine A. Fenty","330 RUGBY ROAD BROOKLYN, NY 11226",40.641073,-73.96558,1,rooftop,330,"Rugby Rd",Brooklyn,NY,"Kings County",11226,US,"City of New York"
"P.S. 142 Amalia Castro","100 ATTORNEY STREET MANHATTAN, NY 10002",40.718507,-73.984216,1,rooftop,100,"Attorney St","New York",NY,"New York County",10002,US,"City of New York"
"P.S. 147 Isaac Remsen","325 BUSHWICK AVENUE BROOKLYN, NY 11206",40.704772,-73.939006,1,rooftop,325,"Bushwick Ave",Brooklyn,NY,"Kings County",11206,US,"City of New York"
"P.S. 148 Queens","89-02 32 AVENUE QUEENS, NY 11369",40.758188,-73.87875,1,rooftop,89-2,"32nd Ave","East Elmhurst",NY,"Queens County",11369,US,"City of New York"
"P.S. 149 Christa Mcauliffe","93-11 34 AVENUE QUEENS, NY 11372",40.755089,-73.874228,1,rooftop,93-11,"34th Ave","Jackson Heights",NY,"Queens County",11372,US,"City of New York"
"P.S. 149 Sojourner Truth","41 WEST 117 STREET MANHATTAN, NY 10026",40.802436,-73.948291,1,rooftop,41,"W 117th St","New York",NY,"New York County",10026,US,"City of New York"
"P.S. 150 Charles James Fox","920 EAST 167 STREET BRONX, NY 10459",40.826198,-73.894273,1,rooftop,920,"E 167th St",Bronx,NY,"Bronx County",10459,US,"City of New York"
"P.S. 150 Christopher","364 SACKMAN STREET BROOKLYN, NY 11212",40.668524,-73.904734,1,rooftop,364,"Sackman St",Brooklyn,NY,"Kings County",11212,US,"City of New York"
"P.S. 150 Queens","40-01 43 AVENUE QUEENS, NY 11104",40.745689,-73.923378,1,rooftop,40-1,"43rd Ave",Sunnyside,NY,"Queens County",11104,US,"City of New York"
"P.S. 151 Lyndon B. Johnson","763 KNICKERBOCKER AVENUE BROOKLYN, NY 11207",40.693303,-73.908362,0.9,rooftop,763,"Knickerbocker Ave",Brooklyn,NY,"Kings County",11237,US,"City of New York"
"P.S. 152 Dyckman Valley","93 NAGLE AVENUE MANHATTAN, NY 10040",40.860195,-73.927842,1,rooftop,93,"Nagle Ave","New York",NY,"New York County",10040,US,"City of New York"
"P.S. 154 Harriet Tubman","250 WEST 127 STREET MANHATTAN, NY 10027",40.81081,-73.948985,1,rooftop,250,"W 127th St","New York",NY,"New York County",10027,US,"City of New York"
"P.S. 157 Benjamin Franklin","850 KENT AVENUE BROOKLYN, NY 11205",40.695276,-73.95966,1,rooftop,850,"Kent Ave",Brooklyn,NY,"Kings County",11205,US,"City of New York"
"P.S. 158 Warwick","400 ASHFORD STREET BROOKLYN, NY 11207",40.672561,-73.884926,1,rooftop,400,"Ashford St",Brooklyn,NY,"Kings County",11207,US,"City of New York"
"P.S. 159 Isaac Pitkin","2781 PITKIN AVENUE BROOKLYN, NY 11208",40.675922,-73.869655,1,rooftop,2781,"Pitkin Ave",Brooklyn,NY,"Kings County",11208,US,"City of New York"
"P.S. 160 Walt Disney","4140 HUTCHINSON RIVER PKWAY EA BRONX, NY 10475",40.864392,-73.824241,1,rooftop,4140,"Hutchinson River Pkwy E",Bronx,NY,"Bronx County",10475,US,"City of New York"
"P.S. 160","1057 52ND STREET BROOKLYN, NY 11219",40.636604,-73.999027,1,rooftop,1057,"52nd St",Brooklyn,NY,"Kings County",11219,US,"City of New York"
"P.S. 161 Pedro Albizu Campos","499 WEST 133 STREET MANHATTAN, NY 10027",40.817503,-73.952611,0.9,rooftop,499,"W 133rd St","New York",NY,"New York County",10031,US,"City of New York"
"P.S. 161 The Crown","330 CROWN STREET BROOKLYN, NY 11225",40.666038,-73.949215,1,rooftop,330,"Crown St",Brooklyn,NY,"Kings County",11225,US,"City of New York"
"P.S. 163 Alfred E. Smith","163 WEST 97 STREET MANHATTAN, NY 10025",40.794559,-73.968757,1,rooftop,163,"W 97th St","New York",NY,"New York County",10025,US,"City of New York"
"P.S. 163 Arthur A. Schomburg","2075 WEBSTER AVENUE BRONX, NY 10457",40.851621,-73.898776,1,rooftop,2075,"Webster Ave",Bronx,NY,"Bronx County",10457,US,"City of New York"
"P.S. 164 Caesar Rodney","4211 14 AVENUE BROOKLYN, NY 11219",40.59524,-73.975025,0.9,rooftop,14,"Gravesend Neck Rd",Brooklyn,NY,"Kings County",11223,US,"City of New York"
"P.S. 165 Edith K. Bergtraum","70-35 150 STREET QUEENS, NY 11367",40.729545,-73.818098,1,rooftop,70-35,"150th St",Flushing,NY,"Queens County",11367,US,"City of New York"
"P.S. 166 Henry Gradstein","33-09 35 AVENUE QUEENS, NY 11106",40.757347,-73.926473,1,rooftop,33-9,"35th Ave",Astoria,NY,"Queens County",11106,US,"City of New York"
"P.S. 169 Bay Terrace","18-25 212 STREET QUEENS, NY 11360",40.782319,-73.778856,1,rooftop,18-25,"212th St",Bayside,NY,"Queens County",11360,US,"City of New York"
"P.S. 169 Sunset Park","4305 7 AVENUE BROOKLYN, NY 11232",40.652547,-74.013083,0.68,nearest_rooftop_match,4323,"2nd Ave",Brooklyn,NY,"Kings County",11232,US,"City of New York"
"P.S. 170","1598 TOWNSEND AVENUE BRONX, NY 10452",40.844443,-73.913383,1,rooftop,1598,"Townsend Ave",Bronx,NY,"Bronx County",10452,US,"City of New York"
"P.S. 172 Beacon School of Excellence","825 4 AVENUE BROOKLYN, NY 11232",40.593833,-73.96135,0.8,rooftop,825,"Ave W",Brooklyn,NY,"Kings County",11223,US,"City of New York"
"P.S. 173 Fresh Meadows","174-10 67 AVENUE QUEENS, NY 11365",40.734307,-73.795257,1,rooftop,174-10,"67th Ave","Fresh Meadows",NY,"Queens County",11365,US,"City of New York"
"P.S. 175 City Island","200 CITY ISLAND AVENUE BRONX, NY 10464",40.843835,-73.784215,1,rooftop,200,"City Island Ave",Bronx,NY,"Bronx County",10464,US,"City of New York"
"P.S. 175 The Lynn Gross Discovery School","64-35 102 STREET QUEENS, NY 11374",40.730746,-73.852886,0.9,rooftop,64-35,"102nd St","Forest Hills",NY,"Queens County",11375,US,"City of New York"
"P.S. 176 Cambria Heights","120-45 235 STREET QUEENS, NY 11411",40.685329,-73.72988,1,rooftop,120-45,"235th St","Cambria Heights",NY,"Queens County",11411,US,"City of New York"
"P.S. 176 Ovington","1225 69 STREET BROOKLYN, NY 11219",40.62483,-74.005582,1,range_interpolation,1225,"69th St",Brooklyn,NY,"Kings County",11219,US,"TIGER/Line® dataset from the US Census Bureau"
"P.S. 177 The Marlboro","346 AVENUE P BROOKLYN, NY 11204",40.608456,-73.974497,0.9,rooftop,346,"Ave P",Brooklyn,NY,"Kings County",11223,US,"City of New York"
"P.S. 178 - Dr. Selman Waksman","850 BAYCHESTER AVENUE BRONX, NY 10475",40.875133,-73.83334,1,rooftop,850,"Baychester Ave",Bronx,NY,"Bronx County",10475,US,"City of New York"
"P.S. 178 Saint Clair Mckelway","2163 DEAN STREET BROOKLYN, NY 11233",40.675132,-73.915351,1,rooftop,2163,"Dean St",Brooklyn,NY,"Kings County",11233,US,"City of New York"
"P.S. 179 Kensington","202 AVENUE C BROOKLYN, NY 11218",40.640327,-73.977385,1,rooftop,202,"Ave C",Brooklyn,NY,"Kings County",11218,US,"City of New York"
"P.S. 183 Dr. Richard R. Green","2-45 BEACH 79 STREET QUEENS, NY 11693",40.589833,-73.805526,0.7,range_interpolation,2,"Beach 79th St","Far Rockaway",NY,"Queens County",11693,US,"TIGER/Line® dataset from the US Census Bureau"
"P.S. 184 Newport","273 NEWPORT STREET BROOKLYN, NY 11212",40.660095,-73.904914,1,rooftop,273,"Newport St",Brooklyn,NY,"Kings County",11212,US,"City of New York"
"P.S. 184m Shuang Wen","327 CHERRY STREET MANHATTAN, NY 10002",40.711499,-73.98585,1,rooftop,327,"Cherry St","New York",NY,"New York County",10002,US,"City of New York"
"P.S. 185 Walter Kassenbrock","8601 RIDGE BOULEVARD BROOKLYN, NY 11209",40.623667,-74.033688,1,rooftop,8601,"Ridge Blvd",Brooklyn,NY,"Kings County",11209,US,"City of New York"
"P.S. 186 Dr. Irving A Gladstone","7601 19 AVENUE BROOKLYN, NY 11214",40.600514,-73.985273,0.8,rooftop,19,"Ave S",Brooklyn,NY,"Kings County",11223,US,"City of New York"
"P.S. 189 Lincoln Terrace","1100 EAST NEW YORK AVENUE BROOKLYN, NY 11212",40.665523,-73.925768,1,rooftop,1100,"E New York Ave",Brooklyn,NY,"Kings County",11212,US,"City of New York"
"P.S. 189","2580 AMSTERDAM AVENUE MANHATTAN, NY 10040",40.853098,-73.92756,1,rooftop,2580,"Amsterdam Ave","New York",NY,"New York County",10040,US,"City of New York"
"P.S. 191 Paul Robeson","1600 PARK PLACE BROOKLYN, NY 11233",40.671882,-73.924384,1,rooftop,1600,"Park Pl",Brooklyn,NY,"Kings County",11233,US,"City of New York"
"P.S. 192 Jacob H. Schiff","500 WEST 138 STREET MANHATTAN, NY 10031",40.821417,-73.95252,1,rooftop,500,"W 138th St","New York",NY,"New York County",10031,US,"City of New York"
"P.S. 193 Gil Hodges","2515 AVENUE L BROOKLYN, NY 11210",40.621704,-73.950247,1,rooftop,2515,"Ave L",Brooklyn,NY,"Kings County",11210,US,"City of New York"
"P.S. 194 Countee Cullen","244 WEST 144 STREET MANHATTAN, NY 10030",40.821325,-73.940736,1,rooftop,244,"W 144th St","New York",NY,"New York County",10030,US,"City of New York"
"P.S. 194 Raoul Wallenberg","3117 AVENUE W BROOKLYN, NY 11229",40.59715,-73.934016,1,rooftop,3117,"Ave W",Brooklyn,NY,"Kings County",11229,US,"City of New York"
"P.S. 196 Ten Eyck","207 BUSHWICK AVENUE BROOKLYN, NY 11206",40.708762,-73.939802,1,rooftop,207,"Bushwick Ave",Brooklyn,NY,"Kings County",11206,US,"City of New York"
"P.S. 197 John B. Russwurm","2230 5 AVENUE MANHATTAN, NY 10037",40.813177,-73.937598,1,rooftop,2230,"5th Ave","New York",NY,"New York County",10037,US,"City of New York"
"P.S. 198 Brooklyn","4105 FARRAGUT ROAD BROOKLYN, NY 11210",40.637172,-73.936886,0.9,rooftop,4105,"Farragut Rd",Brooklyn,NY,"Kings County",11203,US,"City of New York"
"P.S. 199X - The Shakespeare School","1449 SHAKESPEARE AVENUE BRONX, NY 10452",40.843371,-73.920447,1,rooftop,1449,"Shakespeare Ave",Bronx,NY,"Bronx County",10452,US,"City of New York"
"P.S. 200 Benson School","1940 BENSON AVENUE BROOKLYN, NY 11214",40.603019,-74.001508,1,rooftop,1940,"Benson Ave",Brooklyn,NY,"Kings County",11214,US,"City of New York"
"P.S. 202 Ernest S. Jenkyns","982 HEGEMAN AVENUE BROOKLYN, NY 11208",40.666256,-73.876405,1,rooftop,982,"Hegeman Ave",Brooklyn,NY,"Kings County",11208,US,"City of New York"
"P.S. 203 The School for Future Leaders","5101 AVENUE M BROOKLYN, NY 11234",40.621659,-73.925671,1,rooftop,5101,"Ave M",Brooklyn,NY,"Kings County",11234,US,"City of New York"
"P.S. 204 Vince Lombardi","8101 15 AVENUE BROOKLYN, NY 11228",40.600502,-73.985378,0.8,rooftop,15,"Ave S",Brooklyn,NY,"Kings County",11223,US,"City of New York"
"P.S. 206 Joseph F Lamb","2200 GRAVESEND NECK ROAD BROOKLYN, NY 11229",40.597291,-73.948839,1,rooftop,2200,"Gravesend Neck Rd",Brooklyn,NY,"Kings County",11229,US,"City of New York"
"P.S. 207 Elizabeth G. Leary","3874 FLATLANDS AVENUE BROOKLYN, NY 11234",40.620357,-73.93635,1,rooftop,3874,"Flatlands Ave",Brooklyn,NY,"Kings County",11234,US,"City of New York"
"P.S. 207 Elizabeth G. Leary","4011 FILLMORE AVENUE BROOKLYN, NY 11234",40.613649,-73.93011,1,rooftop,4011,"Fillmore Ave",Brooklyn,NY,"Kings County",11234,US,"City of New York"
"P.S. 207","3030 GODWIN TERRACE BRONX, NY 10463",40.878371,-73.906388,1,rooftop,3030,"Godwin Ter",Bronx,NY,"Bronx County",10463,US,"City of New York"
"P.S. 208 Elsa Ebeling","4801 AVENUE D BROOKLYN, NY 11203",40.642271,-73.930632,1,rooftop,4801,"Ave D",Brooklyn,NY,"Kings County",11203,US,"City of New York"
"P.S. 209 Margaret Mead","2609 EAST 7 STREET BROOKLYN, NY 11235",40.586711,-73.961723,1,rooftop,2609,"E 7th St",Brooklyn,NY,"Kings County",11235,US,"City of New York"
"P.S. 21 Margaret Emery-Elm Park","168 HOOKER PLACE STATEN ISLAND, NY 10303",40.631386,-74.144699,0.9,rooftop,168,"Hooker Pl","Staten Island",NY,"Richmond County",10302,US,"City of New York"
"P.S. 213 New Lots","580 HEGEMAN AVENUE BROOKLYN, NY 11207",40.660317,-73.890315,1,rooftop,580,"Hegeman Ave",Brooklyn,NY,"Kings County",11207,US,"City of New York"
"P.S. 214","1970 WEST FARMS ROAD BRONX, NY 10460",40.839183,-73.880281,1,rooftop,1970,"W Farms Rd",Bronx,NY,"Bronx County",10460,US,"City of New York"
"P.S. 215 Morris H. Weiss","415 AVENUE S BROOKLYN, NY 11223",40.60229,-73.970084,1,rooftop,415,"Ave S",Brooklyn,NY,"Kings County",11223,US,"City of New York"
"P.S. 216 Arturo Toscanini","350 AVENUE X BROOKLYN, NY 11223",40.590372,-73.969733,1,rooftop,350,"Ave X",Brooklyn,NY,"Kings County",11223,US,"City of New York"
"P.S. 217 Colonel David Marcus School","1100 NEWKIRK AVENUE BROOKLYN, NY 11230",40.633803,-73.966375,1,rooftop,1100,"Newkirk Ave",Brooklyn,NY,"Kings County",11230,US,"City of New York"
"P.S. 219 Kennedy-King","1060 CLARKSON AVENUE BROOKLYN, NY 11212",40.65919,-73.922657,1,rooftop,1060,"Clarkson Ave",Brooklyn,NY,"Kings County",11212,US,"City of New York"
"P.S. 223 Lyndon B. Johnson","125-20 SUTPHIN BOULEVARD QUEENS, NY 11434",40.674623,-73.789914,0.9,rooftop,125-20,"Sutphin Blvd",Jamaica,NY,"Queens County",11436,US,"City of New York"
"P.S. 230 Doris L. Cohen","1 ALBEMARLE ROAD BROOKLYN, NY 11218",40.64526,-73.980424,1,rooftop,1,"Albemarle Rd",Brooklyn,NY,"Kings County",11218,US,"City of New York"
"P.S. 232 Lindenwood","153-23 83 STREET QUEENS, NY 11414",40.66585,-73.851027,1,rooftop,153-23,"83rd St","Howard Beach",NY,"Queens County",11414,US,"City of New York"
"P.S. 234","30-15 29 STREET QUEENS, NY 11102",40.767032,-73.923337,1,rooftop,30-15,"29th St",Astoria,NY,"Queens County",11102,US,"City of New York"
"P.S. 236 Mill Basin","6302 AVENUE U BROOKLYN, NY 11234",40.615918,-73.912727,1,rooftop,6302,"Ave U",Brooklyn,NY,"Kings County",11234,US,"City of New York"
"P.S. 238 Anne Sullivan","1633 EAST 8 STREET BROOKLYN, NY 11223",40.608664,-73.964854,1,rooftop,1633,"E 8th St",Brooklyn,NY,"Kings County",11223,US,"City of New York"
"P.S. 242 Leonard P. Stavisky Early Childhood School","29-66 137 STREET QUEENS, NY 11354",40.769796,-73.831753,1,rooftop,29-66,"137th St",Flushing,NY,"Queens County",11354,US,"City of New York"
"P.S. 244 Richard R. Green","5404 TILDEN AVENUE BROOKLYN, NY 11203",40.648273,-73.926079,1,range_interpolation,5404,"Tilden Ave",Brooklyn,NY,"Kings County",11203,US,"TIGER/Line® dataset from the US Census Bureau"
"P.S. 245","249 EAST 17TH STREET BROOKLYN, NY 11226",40.644877,-73.963025,1,rooftop,249,"E 17th St",Brooklyn,NY,"Kings County",11226,US,"City of New York"
"P.S. 246 Poe Center","2641 GRAND CONCOURSE BRONX, NY 10468",40.86585,-73.895084,1,rooftop,2641,"Grand Conc",Bronx,NY,"Bronx County",10468,US,"City of New York"
"P.S. 249 The Caton","18 MARLBOROUGH ROAD BROOKLYN, NY 11226",40.649646,-73.966191,1,rooftop,18,"Marlborough Rd",Brooklyn,NY,"Kings County",11226,US,"City of New York"
"P.S. 250 George H. Lindsay","108 MONTROSE AVENUE BROOKLYN, NY 11206",40.706957,-73.945434,1,rooftop,108,"Montrose Ave",Brooklyn,NY,"Kings County",11206,US,"City of New York"
"P.S. 253","601 OCEANVIEW AVENUE BROOKLYN, NY 11235",40.584455,-73.948402,0.22,place,,,Brooklyn,NY,"Kings County",11235,US,"TIGER/Line® dataset from the US Census Bureau"
"P.S. 254 - The Rosa Parks School","84-40 101 STREET QUEENS, NY 11418",40.69711,-73.847814,1,rooftop,84-40,"101st St","Richmond Hill",NY,"Queens County",11418,US,"City of New York"
"P.S. 256 Benjamin Banneker","114 KOSCIUSZKO STREET BROOKLYN, NY 11216",40.690671,-73.949823,1,rooftop,114,"Kosciuszko St",Brooklyn,NY,"Kings County",11216,US,"City of New York"
"P.S. 264 BAY RIDGE ELEMENTARY SCHOOL FOR THE ARTS","371 89th Street BROOKLYN, NY 11209",40.620938,-74.029681,1,rooftop,371,"89th St",Brooklyn,NY,"Kings County",11209,US,"City of New York"
"P.S. 272 Curtis Estabrook","101-24 SEAVIEW AVENUE BROOKLYN, NY 11236",40.627369,-73.899682,0.9,range_interpolation,101,"Seaview Ave",Brooklyn,NY,"Kings County",11236,US,"TIGER/Line® dataset from the US Census Bureau"
"P.S. 277 Gerritsen Beach","2529 GERRITSEN AVENUE BROOKLYN, NY 11229",40.596296,-73.928923,1,range_interpolation,2529,"Gerritsen Ave",Brooklyn,NY,"Kings County",11229,US,"TIGER/Line® dataset from the US Census Bureau"
"P.S. 28 - The Thomas Emanuel Early Childhood Center","109-10 47 AVENUE QUEENS, NY 11368",40.747128,-73.854379,1,rooftop,109-10,"47th Ave",Corona,NY,"Queens County",11368,US,"City of New York"
"P.S. 288 The Shirley Tanyhill","2950 WEST 25 STREET BROOKLYN, NY 11224",40.574296,-73.992094,1,rooftop,2950,"W 25th St",Brooklyn,NY,"Kings County",11224,US,"City of New York"
"P.S. 290 Juan Morel Campos","135 SCHENCK AVENUE BROOKLYN, NY 11207",40.678128,-73.889689,1,rooftop,135,"Schenck Ave",Brooklyn,NY,"Kings County",11207,US,"City of New York"
"P.S. 295","330 18 STREET BROOKLYN, NY 11215",40.66113,-73.988815,1,rooftop,330,"18th St",Brooklyn,NY,"Kings County",11215,US,"City of New York"
"P.S. 297 Abraham Stockton","700 PARK AVENUE BROOKLYN, NY 11206",40.697634,-73.947722,1,rooftop,700,"Park Ave",Brooklyn,NY,"Kings County",11206,US,"City of New York"
"P.S. 298 Dr. Betty Shabazz","85 WATKINS STREET BROOKLYN, NY 11212",40.670847,-73.908015,1,rooftop,85,"Watkins St",Brooklyn,NY,"Kings County",11212,US,"City of New York"
"P.S. 3 Raul Julia Micro Society","2100 LAFONTAINE AVENUE BRONX, NY 10457",40.850249,-73.891953,1,rooftop,2100,"Lafontaine Ave",Bronx,NY,"Bronx County",10457,US,"City of New York"
"P.S. 306 Ethan Allen","970 VERMONT STREET BROOKLYN, NY 11207",40.655454,-73.886363,1,rooftop,970,"Vermont St",Brooklyn,NY,"Kings County",11207,US,"City of New York"
"P.S. 306","40 WEST TREMONT AVENUE BRONX, NY 10453",40.851555,-73.911281,1,rooftop,40,"W Tremont Ave",Bronx,NY,"Bronx County",10453,US,"City of New York"
"P.S. 307 Daniel Hale Williams","209 YORK STREET BROOKLYN, NY 11201",40.701506,-73.981672,1,rooftop,209,"York St",Brooklyn,NY,"Kings County",11201,US,"City of New York"
"P.S. 308 Clara Cardwell","616 QUINCY STREET BROOKLYN, NY 11221",40.688552,-73.935411,1,rooftop,616,"Quincy St",Brooklyn,NY,"Kings County",11221,US,"City of New York"
"P.S. 309 The George E. Wibecan Preparatory Academy","794 MONROE STREET BROOKLYN, NY 11221",40.688337,-73.924472,1,rooftop,794,"Monroe St",Brooklyn,NY,"Kings County",11221,US,"City of New York"
"P.S. 312 Bergen Beach","7103 AVENUE T BROOKLYN, NY 11234",40.621771,-73.908814,1,rooftop,7103,"Ave T",Brooklyn,NY,"Kings County",11234,US,"City of New York"
"P.S. 326","1800 UTICA AVENUE BROOKLYN, NY 11234",40.628566,-73.928248,1,rooftop,1800,"Utica Ave",Brooklyn,NY,"Kings County",11234,US,"City of New York"
"P.S. 327 Dr. Rose B. English","111 BRISTOL STREET BROOKLYN, NY 11212",40.66798,-73.912085,1,rooftop,111,"Bristol St",Brooklyn,NY,"Kings County",11212,US,"City of New York"
"P.S. 328 Phyllis Wheatley","330 ALABAMA AVENUE BROOKLYN, NY 11207",40.667799,-73.897869,1,rooftop,330,"Alabama Ave",Brooklyn,NY,"Kings County",11207,US,"City of New York"
"P.S. 330","110-08 NORTHERN BOULEVARD QUEENS, NY 11368",40.75773,-73.859052,1,rooftop,110-8,"Northern Blvd",Corona,NY,"Queens County",11368,US,"City of New York"
"P.S. 335 Granville T. Woods","130 ROCHESTER AVENUE BROOKLYN, NY 11213",40.674521,-73.92798,1,rooftop,130,"Rochester Ave",Brooklyn,NY,"Kings County",11213,US,"City of New York"
"P.S. 346 Abe Stark","1400 PENNSYLVANIA AVENUE BROOKLYN, NY 11239",40.647065,-73.881451,1,rooftop,1400,"Pennsylvania Ave",Brooklyn,NY,"Kings County",11239,US,"City of New York"
"P.S. 361 East Flatbush Early Childhood School","1957 NOSTRAND AVENUE BROOKLYN, NY 11210",40.637746,-73.947975,1,rooftop,1957,"Nostrand Ave",Brooklyn,NY,"Kings County",11210,US,"City of New York"
"P.S. 375 Jackie Robinson School","46 MCKEEVER PLACE BROOKLYN, NY 11225",40.665039,-73.95908,1,range_interpolation,46,"McKeever Pl",Brooklyn,NY,"Kings County",11225,US,"TIGER/Line® dataset from the US Census Bureau"
"P.S. 376","194 HARMAN STREET BROOKLYN, NY 11237",40.698349,-73.920242,1,rooftop,194,"Harman St",Brooklyn,NY,"Kings County",11237,US,"City of New York"
"P.S. 377 Alejandrina B. De Gautier","200 WOODBINE STREET BROOKLYN, NY 11221",40.693882,-73.915155,1,rooftop,200,"Woodbine St",Brooklyn,NY,"Kings County",11221,US,"City of New York"
"P.S. 38 Roberto Clemente","232 EAST 103 STREET MANHATTAN, NY 10029",40.788899,-73.9446,1,rooftop,232,"E 103rd St","New York",NY,"New York County",10029,US,"City of New York"
"P.S. 380 John Wayne Elementary","370 MARCY AVENUE BROOKLYN, NY 11206",40.702285,-73.953026,1,rooftop,370,"Marcy Ave",Brooklyn,NY,"Kings County",11206,US,"City of New York"
"P.S. 39 Francis J. Murphy Jr.","99 MACFARLAND AVENUE STATEN ISLAND, NY 10305",40.597797,-74.07008,1,rooftop,99,"Macfarland Ave","Staten Island",NY,"Richmond County",10305,US,"City of New York"
"P.S. 398 Walter Weaver","60 EAST 94 STREET BROOKLYN, NY 11212",40.664029,-73.92768,1,rooftop,60,"E 94th St",Brooklyn,NY,"Kings County",11212,US,"City of New York"
"P.S. 398","69-01 34TH AVENUE QUEENS, NY 11377",40.752761,-73.896707,1,rooftop,69-1,"34th Ave",Woodside,NY,"Queens County",11377,US,"City of New York"
"P.S. 399 Stanley Eugene Clark","2707 ALBEMARLE ROAD BROOKLYN, NY 11226",40.648149,-73.951786,1,rooftop,2707,"Albemarle Rd",Brooklyn,NY,"Kings County",11226,US,"City of New York"
"P.S. 58 - School of Heroes","72-24 GRAND AVENUE QUEENS, NY 11378",40.728785,-73.890322,1,rooftop,72-24,"Grand Ave",Maspeth,NY,"Queens County",11378,US,"City of New York"
"P.S. 595","700 EAST 179 STREET BRONX, NY 10457",40.846335,-73.889323,1,rooftop,700,"E 179th St",Bronx,NY,"Bronx County",10457,US,"City of New York"
"P.S. 748 BROOKLYN SCHOOL FOR GLOBAL SCHOLARS","1664 BENSON AVENUE BROOKLYN, NY 11214",40.606994,-74.00719,1,rooftop,1664,"Benson Ave",Brooklyn,NY,"Kings County",11214,US,"City of New York"
"P.S. 90 Edna Cohen School","2840 WEST 12 STREET BROOKLYN, NY 11224",40.578137,-73.979835,1,rooftop,2840,"W 12th St",Brooklyn,NY,"Kings County",11224,US,"City of New York"
"P.S. 971","6214 4TH AVENUE BROOKLYN, NY 11220",40.639467,-74.020162,1,rooftop,6214,"4th Ave",Brooklyn,NY,"Kings County",11220,US,"City of New York"
"P.S. K225 - The Eileen E. Zaglin","1075 OCEAN VIEW AVENUE BROOKLYN, NY 11235",40.57981,-73.95601,1,rooftop,1075,"Ocean View Ave",Brooklyn,NY,"Kings County",11235,US,"City of New York"
"P.S. X014 Senator John Calandra","3047 BRUCKNER BOULEVARD BRONX, NY 10461",40.835741,-73.825906,1,rooftop,3047,"Bruckner Blvd",Bronx,NY,"Bronx County",10461,US,"City of New York"
"P.S. X088 - S. Silverstein Little Sparrow School","1340 SHERIDAN AVENUE BRONX, NY 10456",40.837076,-73.91358,1,rooftop,1340,"Sheridan Ave",Bronx,NY,"Bronx County",10456,US,"City of New York"
"P.S. X114 - Luis Llorens Torres Schools","1155 CROMWELL AVENUE BRONX, NY 10452",40.835151,-73.923037,1,rooftop,1155,"Cromwell Ave",Bronx,NY,"Bronx County",10452,US,"City of New York"
"P.S. X140 The Eagle School","916 EAGLE AVENUE BRONX, NY 10456",40.823392,-73.907801,1,rooftop,916,"Eagle Ave",Bronx,NY,"Bronx County",10456,US,"City of New York"
"P.S. X811","1434 LONGFELLOW AVENUE BRONX, NY 10459",40.830774,-73.887316,1,rooftop,1434,"Longfellow Ave",Bronx,NY,"Bronx County",10459,US,"City of New York"
"P.S./ M.S.138 Sunrise","251-11 WELLER AVENUE QUEENS, NY 11422",40.659553,-73.734727,1,rooftop,251-11,"Weller Ave",Rosedale,NY,"Queens County",11422,US,"City of New York"
"P.S./I.S. 104 The Fort Hamilton School","9115 5 AVENUE BROOKLYN, NY 11209",40.622459,-74.028749,0.33,place,,,Brooklyn,NY,"Kings County",11209,US,"TIGER/Line® dataset from the US Census Bureau"
"P.S./I.S. 217 Roosevelt Island","645 MAIN STREET MANHATTAN, NY 10044",40.763886,-73.948118,1,rooftop,645,"Main St","New York",NY,"New York County",10044,US,"City of New York"
"P.S./I.S. 218 Rafael Hernandez Dual Language Magnet School","1220 GERARD AVENUE BRONX, NY 10452",40.835818,-73.919915,1,rooftop,1220,"Gerard Ave",Bronx,NY,"Bronx County",10452,US,"City of New York"
"P.S./M.S. 004 Crotona Park West","1717 FULTON AVENUE BRONX, NY 10457",40.841752,-73.897809,1,rooftop,1717,"Fulton Ave",Bronx,NY,"Bronx County",10457,US,"City of New York"
"PS 007 Louis F. Simeone Annex","76-05 51 AVENUE QUEENS, NY 11373",40.736944,-73.887331,1,rooftop,76-5,"51st Ave",Elmhurst,NY,"Queens County",11373,US,"City of New York"
"PS 112 Lefferts Park Annex","7301 15TH AVENUE BROOKLYN, NY 11228",40.618573,-74.001829,1,rooftop,7301,"15th Ave",Brooklyn,NY,"Kings County",11228,US,"City of New York"
"PS 226 Annex","1910 SEDGWICK AVENUE BRONX, NY 10453",40.854992,-73.916608,1,range_interpolation,1910,"Sedgwick Ave",Bronx,NY,"Bronx County",10453,US,"TIGER/Line® dataset from the US Census Bureau"
"PS 235 Janice Marie Knight School Annex","10001 FLATLANDS AVENUE BROOKLYN, NY 11236",40.645582,-73.898157,1,rooftop,10001,"Flatlands Ave",Brooklyn,NY,"Kings County",11236,US,"City of New York"
"PS 354","126-10 BEDELL STREET QUEENS, NY 11434",40.679868,-73.774233,1,rooftop,126-10,"Bedell St",Jamaica,NY,"Queens County",11434,US,"City of New York"
"PS 5 Port Morris","564 JACKSON AVENUE BRONX, NY 10455",40.813572,-73.908818,1,rooftop,564,"Jackson Ave",Bronx,NY,"Bronx County",10455,US,"City of New York"
"PS 503: The School of Discovery","330 59 STREET BROOKLYN, NY 11220",40.642039,-74.019036,1,rooftop,330,"59th St",Brooklyn,NY,"Kings County",11220,US,"City of New York"
"PS 78","100 TOMPKINS AVENUE STATEN ISLAND, NY 10304",40.622227,-74.079566,1,rooftop,100,"Tompkins Ave","Staten Island",NY,"Richmond County",10304,US,"City of New York"
"PS/MS 194","2365 WATERBURY AVENUE BRONX, NY 10462",40.834979,-73.84652,1,rooftop,2365,"Waterbury Ave",Bronx,NY,"Bronx County",10462,US,"City of New York"
"Paula Hedbavny School","421 W 219TH ST MANHATTAN, NY 10034",40.871497,-73.91253,1,rooftop,421,"W 219th St","New York",NY,"New York County",10034,US,"City of New York"
"Performing Arts and Technology High School","400 PENNSYLVANIA AVENUE BROOKLYN, NY 11207",40.666909,-73.894808,1,rooftop,400,"Pennsylvania Ave",Brooklyn,NY,"Kings County",11207,US,"City of New York"
"Port Richmond High School","85 ST JOSEPHS AVENUE STATEN ISLAND, NY 10302",40.634494,-74.14206,1,rooftop,85,"St Josephs Ave","Staten Island",NY,"Richmond County",10302,US,"City of New York"
"RED HOOK NEIGHBORHOOD SCHOOL","27 HUNTINGTON STREET BROOKLYN, NY 11231",40.677644,-74.005113,1,rooftop,27,"Huntington St",Brooklyn,NY,"Kings County",11231,US,"City of New York"
"Ralph A. Fabrizio School","619 72ND STREET BROOKLYN, NY 11209",40.630194,-74.018849,1,rooftop,619,"72nd St",Brooklyn,NY,"Kings County",11209,US,"City of New York"
"Richmond Hill High School","89-30 114 STREET QUEENS, NY 11418",40.695123,-73.833453,1,rooftop,89-30,"114th St","Richmond Hill",NY,"Queens County",11418,US,"City of New York"
"River East Elementary","2351 FIRST AVENUE MANHATTAN, NY 10035",40.799182,-73.933396,1,rooftop,2351,"1st Ave","New York",NY,"New York County",10035,US,"City of New York"
"Riverdale / Kingsbridge Academy (Middle School / High School 141)","660 WEST 237 STREET BRONX, NY 10463",40.888211,-73.914363,1,rooftop,660,"W 237th St",Bronx,NY,"Bronx County",10463,US,"City of New York"
"School for Excellence","1110 BOSTON ROAD BRONX, NY 10456",40.827262,-73.904544,1,rooftop,1110,"Boston Rd",Bronx,NY,"Bronx County",10456,US,"City of New York"
"School for International Studies","284 BALTIC STREET BROOKLYN, NY 11201",40.685317,-73.993335,1,rooftop,284,"Baltic St",Brooklyn,NY,"Kings County",11201,US,"City of New York"
"School of the Future High School","127 EAST 22 STREET MANHATTAN, NY 10010",40.739025,-73.985416,1,rooftop,127,"E 22nd St","New York",NY,"New York County",10010,US,"City of New York"
"South Bronx Preparatory: A College Board School","360 EAST 145 STREET BRONX, NY 10454",40.81366,-73.920295,1,rooftop,360,"E 145th St",Bronx,NY,"Bronx County",10454,US,"City of New York"
"Stephen T. Mather Building Arts Craf","439 WEST 49TH STREET MANHATTAN, NY 10019",40.763581,-73.99085,1,rooftop,439,"W 49th St","New York",NY,"New York County",10019,US,"City of New York"
"Stuyvesant High School","345 CHAMBERS STREET MANHATTAN, NY 10282",40.717771,-74.013868,1,rooftop,345,"Chambers St","New York",NY,"New York County",10282,US,"City of New York"
"Tag Young Scholars","240 EAST 109 STREET MANHATTAN, NY 10029",40.7926,-73.941538,1,rooftop,240,"E 109th St","New York",NY,"New York County",10029,US,"City of New York"
"Teachers College Community School","168 MORNINGSIDE AVENUE MANHATTAN, NY 10027",40.812492,-73.953422,1,rooftop,168,"Morningside Ave","New York",NY,"New York County",10027,US,"City of New York"
"The Active Learning Elementary School","137-20 FRANKLIN AVENUE QUEENS, NY 11355",40.754666,-73.826292,1,rooftop,137-20,"Franklin Ave",Flushing,NY,"Queens County",11355,US,"City of New York"
"The Angelo Patri Middle School","2225 WEBSTER AVENUE BRONX, NY 10457",40.854777,-73.89675,1,rooftop,2225,"Webster Ave",Bronx,NY,"Bronx County",10457,US,"City of New York"
"The Bellaire School","207-11 89 AVENUE QUEENS, NY 11427",40.720552,-73.757168,1,rooftop,207-11,"89th Ave","Queens Village",NY,"Queens County",11427,US,"City of New York"
"The Christa McAuliffe School\I.S. 187","1171 65 STREET BROOKLYN, NY 11219",40.627778,-74.004043,1,rooftop,1171,"65th St",Brooklyn,NY,"Kings County",11219,US,"City of New York"
"The Highbridge Green School","200 West 167th Street BRONX, NY 10452",40.838209,-73.928034,1,rooftop,200,"W 167th St",Bronx,NY,"Bronx County",10452,US,"City of New York"
"The Hunts Point School","730 BRYANT AVENUE BRONX, NY 10474",40.815457,-73.885562,1,rooftop,730,"Bryant Ave",Bronx,NY,"Bronx County",10474,US,"City of New York"
"The Lexington Academy","131 EAST 104 STREET MANHATTAN, NY 10029",40.791213,-73.947581,1,rooftop,131,"E 104th St","New York",NY,"New York County",10029,US,"City of New York"
"The Longwood Academy of Discovery","888 REV J A POLITE AVE BRONX, NY 10459",40.825629,-73.893605,0.33,place,,,Bronx,NY,"Bronx County",10459,US,"TIGER/Line® dataset from the US Census Bureau"
"The Matilda Avenue School","4520 MATILDA AVENUE BRONX, NY 10470",40.901594,-73.854107,1,rooftop,4520,"Matilda Ave",Bronx,NY,"Bronx County",10470,US,"City of New York"
"The Michael J. Petrides School","715 OCEAN TERRACE STATEN ISLAND, NY 10301",40.608326,-74.102619,1,rooftop,715,"Ocean Ter","Staten Island",NY,"Richmond County",10301,US,"City of New York"
"The SEEALL Academy","5601 16 AVENUE BROOKLYN, NY 11204",40.595211,-73.974729,0.9,rooftop,16,"Gravesend Neck Rd",Brooklyn,NY,"Kings County",11223,US,"City of New York"
"The STAR Academy - P.S.63","121 EAST 3 STREET MANHATTAN, NY 10009",40.724144,-73.9862,1,rooftop,121,"E 3rd St","New York",NY,"New York County",10009,US,"City of New York"
"The School of Creativity and Innovation","736 48TH STREET BROOKLYN, NY 11220",40.643039,-74.004094,1,rooftop,736,"48th St",Brooklyn,NY,"Kings County",11220,US,"City of New York"
"The Walton Avenue School","1425 WALTON AVENUE BRONX, NY 10452",40.840293,-73.91561,1,rooftop,1425,"Walton Ave",Bronx,NY,"Bronx County",10452,US,"City of New York"
"Thomas A. Edison Career and Technical Education High School","165-65 84 AVENUE QUEENS, NY 11432",40.715946,-73.799125,1,rooftop,165-65,"84th Ave",Jamaica,NY,"Queens County",11432,US,"City of New York"
"Thurgood Marshall Academy Lower School","276 WEST 151ST STREET MANHATTAN, NY 10039",40.825926,-73.937758,1,rooftop,276,"W 151st St","New York",NY,"New York County",10039,US,"City of New York"
"Thurgood Marshall Academy for Learning and Social","200-214 WEST 135TH STREET MANHATTAN, NY 10030",40.815355,-73.944238,1,rooftop,200,"W 135th St","New York",NY,"New York County",10030,US,"City of New York"
"Urban Academy Laboratory High School","317 EAST 67 STREET MANHATTAN, NY 10065",40.765335,-73.959738,1,rooftop,317,"E 67th St","New York",NY,"New York County",10065,US,"City of New York"
"Vista Academy","350 LINWOOD STREET BROOKLYN, NY 11208",40.677139,-73.883618,1,rooftop,350,"Linwood St",Brooklyn,NY,"Kings County",11208,US,"City of New York"
"Wadleigh Secondary School for the Performing & Vis","215 WEST 114 STREET MANHATTAN, NY 10026",40.802284,-73.95408,1,rooftop,215,"W 114th St","New York",NY,"New York County",10026,US,"City of New York"
"William Cullen Bryant High School","48-10 31 AVENUE QUEENS, NY 11103",40.757962,-73.910495,0.9,rooftop,48-10,"31st Ave",Woodside,NY,"Queens County",11377,US,"City of New York"
"William E. Grady Career and Technical Education High School","25 BRIGHTON 4TH ROAD BROOKLYN, NY 11235",40.582723,-73.963353,1,rooftop,25,"Brighton 4th Rd",Brooklyn,NY,"Kings County",11235,US,"City of New York"
"Williamsburg High School for Art and Technology","223 GRAHAM AVENUE BROOKLYN, NY 11206",40.709815,-73.943911,1,rooftop,223,"Graham Ave",Brooklyn,NY,"Kings County",11206,US,"City of New York"
"Young Voices Academy Of The Bronx","800 LYDIG AVENUE BRONX, NY 10462",40.854327,-73.863659,1,rooftop,800,"Lydig Ave",Bronx,NY,"Bronx County",10462,US,"City of New York"
